1_0	0.011092901229858398	0.010249853134155273
1_1	0.01068115234375	0.010957956314086914
1_2	0.009858846664428711	0.010808229446411133
1_3	0.010010957717895508	0.010054826736450195
1_4	0.009599685668945312	0.010254383087158203
1_5	0.0094757080078125	0.009730339050292969
1_6	0.010426998138427734	0.0098876953125
1_7	0.010109186172485352	0.010053157806396484
1_8	0.009554386138916016	0.00972890853881836
1_9	0.009925365447998047	0.009704828262329102
1_10	0.009172439575195312	0.009629487991333008
2_0	0.009007453918457031	0.009000539779663086
2_1	0.009268760681152344	0.009635210037231445
2_2	0.009604454040527344	0.009409189224243164
2_3	0.009238243103027344	0.010099411010742188
2_4	0.009364843368530273	0.00961756706237793
2_5	0.009431600570678711	0.009685993194580078
2_6	0.01016998291015625	0.009108304977416992
2_7	0.009438037872314453	0.009842157363891602
2_8	0.016392230987548828	0.009346485137939453
2_9	0.012192487716674805	0.012895345687866211
2_10	0.01178884506225586	0.021748065948486328
3_0	0.055515289306640625	0.060739755630493164
3_1	0.05101299285888672	0.05466341972351074
3_2	0.058133840560913086	0.05144453048706055
3_3	0.05654406547546387	0.05826878547668457
3_4	0.0615689754486084	0.05847597122192383
3_5	0.05370950698852539	0.05251288414001465
3_6	0.06043386459350586	0.05623435974121094
3_7	0.08208370208740234	0.05338239669799805
3_8	0.05514645576477051	0.059027910232543945
3_9	0.050006866455078125	0.05335879325866699
3_10	0.056427955627441406	0.050687313079833984
4_0	0.010589122772216797	0.009455442428588867
4_1	0.009916543960571289	0.009221553802490234
4_2	0.009448051452636719	0.010040760040283203
4_3	0.010838747024536133	0.010764598846435547
4_4	0.010738849639892578	0.010449409484863281
4_5	0.010935783386230469	0.010774612426757812
4_6	0.010565996170043945	0.011436700820922852
5_0	0.000705718994140625	0.07036900520324707
5_1	0.01814579963684082	0.06850647926330566
5_2	0.0005209445953369141	0.06579732894897461
5_3	0.0006210803985595703	0.06612086296081543
5_4	0.0005829334259033203	0.06376910209655762
5_5	-1.0	0.06165361404418945
5_6	0.0007810592651367188	0.07399415969848633
5_7	0.0017151832580566406	0.06287837028503418
6_0	0.027375221252441406	0.0003204345703125
6_1	0.02406597137451172	0.00021219253540039062
6_2	0.021239519119262695	0.000194549560546875
6_3	0.0222623348236084	0.00016021728515625
6_4	0.0223541259765625	0.0001621246337890625
6_5	0.02596879005432129	0.0003154277801513672
6_6	0.022320270538330078	0.00019311904907226562
6_7	0.010677576065063477	0.010219812393188477
6_8	0.01065206527709961	0.010677099227905273
6_9	0.011239767074584961	0.010745048522949219
6_10	0.011057615280151367	0.010802030563354492
6_11	0.0002071857452392578	0.00018739700317382812
6_12	0.0002048015594482422	0.00020313262939453125
7_0	0.021315574645996094	0.022167444229125977
7_1	0.019109725952148438	0.019781112670898438
7_2	0.022057771682739258	0.022282123565673828
7_3	0.02037787437438965	0.021831750869750977
7_4	0.02555394172668457	0.019072771072387695
7_5	0.019733190536499023	0.01950526237487793
7_6	0.018568754196166992	0.01897907257080078
7_7	0.019510507583618164	0.018618106842041016
7_8	0.024417877197265625	0.02775263786315918
7_9	0.01923394203186035	0.01982903480529785
7_10	0.021974563598632812	0.022518157958984375
7_11	0.021304607391357422	0.021160364151000977
7_12	0.020322561264038086	0.02115178108215332
8_0	0.06278491020202637	0.06006312370300293
8_1	0.05799674987792969	0.06009030342102051
8_2	0.06641530990600586	0.07048559188842773
8_3	0.06643152236938477	0.09055614471435547
9_0	0.0001850128173828125	0.00013756752014160156
9_1	0.0713660717010498	0.00014138221740722656
9_2	0.00015401840209960938	0.00016164779663085938
9_3	0.0001697540283203125	0.0001544952392578125
9_4	0.0001633167266845703	0.000186920166015625
10_0	0.072113037109375	0.12630534172058105
10_1	0.06356430053710938	0.13041353225708008
10_2	0.0766899585723877	0.14130401611328125
10_3	0.07265090942382812	0.139418363571167
10_4	0.0732426643371582	0.13453102111816406
10_5	0.06637740135192871	0.12668204307556152
10_6	0.07968449592590332	0.13533663749694824
10_7	0.06665635108947754	0.13752532005310059
10_8	0.06600713729858398	0.1369624137878418
10_9	0.06532931327819824	0.13071990013122559
10_10	0.01025843620300293	0.13212347030639648
11_0	0.06417608261108398	0.12590456008911133
11_1	0.06274771690368652	0.1180112361907959
11_2	0.061827898025512695	0.13105320930480957
11_3	0.06474924087524414	0.1516110897064209
11_4	0.06097412109375	0.12250447273254395
11_5	0.05733656883239746	0.14630961418151855
11_6	0.05772519111633301	0.1171426773071289
11_7	0.058467864990234375	0.11858797073364258
12_0	0.05699777603149414	0.05929231643676758
12_1	0.06233382225036621	0.059394121170043945
12_2	0.06761574745178223	0.10084748268127441
12_3	0.07735371589660645	0.06538248062133789
12_4	0.07922863960266113	0.07440781593322754
12_5	0.0659792423248291	0.07655572891235352
13_0	0.00019121170043945312	0.0005109310150146484
13_1	0.00017404556274414062	0.0003020763397216797
13_2	0.00018835067749023438	0.00019431114196777344
13_3	0.00018739700317382812	0.0003819465637207031
13_4	0.00029730796813964844	0.00017762184143066406
13_5	0.00019621849060058594	0.0005393028259277344
13_6	0.00017333030700683594	0.00017452239990234375
13_7	0.00019359588623046875	0.00019502639770507812
13_8	0.00017499923706054688	0.0001876354217529297
13_9	0.00017881393432617188	0.00017452239990234375
14_0	0.011010885238647461	0.01254725456237793
14_1	0.01179647445678711	0.013250112533569336
14_2	0.013995170593261719	0.013466119766235352
14_3	0.01077413558959961	0.03045034408569336
14_4	0.020757436752319336	0.01712512969970703
15_0	0.09439420700073242	0.2032792568206787
15_1	0.09795689582824707	0.1689131259918213
15_2	0.12881088256835938	0.16957616806030273
15_3	0.08495473861694336	0.16575980186462402
15_4	0.09501504898071289	0.17412567138671875
16_0	0.08178162574768066	0.08263015747070312
16_1	0.08063602447509766	0.08205413818359375
16_2	0.08688569068908691	0.08897185325622559
16_3	0.09550976753234863	0.11850690841674805
17_0	0.000202178955078125	0.0005364418029785156
17_1	0.0001761913299560547	0.0004661083221435547
17_2	0.00017023086547851562	0.00017905235290527344
17_3	0.00022673606872558594	0.0004608631134033203
17_4	0.0002384185791015625	0.0004062652587890625
17_5	0.0002346038818359375	0.0005288124084472656
17_6	0.0001990795135498047	0.0005564689636230469
17_7	0.00022125244140625	0.0005357265472412109
17_8	0.00021696090698242188	0.000553131103515625
17_9	0.00020265579223632812	0.0005385875701904297
17_10	0.00021600723266601562	0.0004582405090332031
17_11	0.00016188621520996094	0.00013399124145507812
17_12	0.00022101402282714844	0.00038433074951171875
17_13	0.03306770324707031	0.0005037784576416016
17_14	0.00019741058349609375	0.00014352798461914062
18_0	0.05517697334289551	0.10993385314941406
18_1	0.05509638786315918	0.10332608222961426
18_2	0.060504913330078125	0.059232473373413086
18_3	0.056890249252319336	0.07146382331848145
18_4	0.05723166465759277	0.08165574073791504
18_5	0.08187723159790039	0.10627150535583496
18_6	0.07653260231018066	0.08144831657409668
19_0	0.1661078929901123	0.1784207820892334
19_1	0.11033105850219727	0.16960668563842773
19_2	0.1632530689239502	0.1616530418395996
19_3	0.1097099781036377	0.23183774948120117
19_4	0.0603482723236084	0.16721892356872559
20_0	0.10771608352661133	0.1123664379119873
20_1	0.1078176498413086	0.11229348182678223
20_2	0.1639418601989746	0.15779376029968262
20_3	0.16575312614440918	0.10668134689331055
20_4	0.14579057693481445	0.10603880882263184
21_0	0.009097814559936523	0.010161399841308594
21_1	0.009606122970581055	0.010200262069702148
21_2	0.009631633758544922	0.011060476303100586
21_3	0.008812665939331055	0.00908660888671875
21_4	0.00880122184753418	0.008924007415771484
21_5	0.010510683059692383	0.010401487350463867
21_6	0.010447502136230469	0.009998321533203125
21_7	0.009230375289916992	0.008991241455078125
21_8	0.00909423828125	0.009183168411254883
22_0	0.009792089462280273	0.010709524154663086
22_1	0.010636091232299805	0.009721994400024414
22_2	0.00981450080871582	0.009797811508178711
22_3	0.009650468826293945	0.009698152542114258
22_4	0.009927988052368164	0.010098457336425781
22_5	0.00987696647644043	0.010098934173583984
22_6	0.013680696487426758	0.01839160919189453
22_7	0.010992288589477539	0.011636734008789062
22_8	0.009859561920166016	0.010331392288208008
22_9	0.009689569473266602	0.009794235229492188
22_10	0.009921073913574219	0.009229898452758789
23_0	0.057077884674072266	0.05561017990112305
23_1	0.060914039611816406	0.059241533279418945
23_2	0.05889272689819336	0.05817365646362305
23_3	0.05790853500366211	0.054937124252319336
23_4	0.055269479751586914	0.058661460876464844
23_5	0.05668377876281738	0.055591583251953125
23_6	0.05720829963684082	0.05514836311340332
23_7	0.05571579933166504	0.05521345138549805
23_8	0.05922746658325195	0.054877519607543945
24_0	0.07533764839172363	0.1387028694152832
24_1	0.06261038780212402	0.13190698623657227
24_2	0.07716512680053711	0.1335289478302002
24_3	0.06395816802978516	0.1325230598449707
24_4	-1.0	0.13033127784729004
24_5	0.06227540969848633	0.1363973617553711
24_6	0.08991575241088867	0.1368119716644287
25_0	0.11406826972961426	0.017537832260131836
25_1	0.10538458824157715	0.01898980140686035
25_2	0.0001823902130126953	0.020457029342651367
25_3	0.10957956314086914	0.01856541633605957
25_4	0.12079024314880371	0.01957106590270996
25_5	0.01014256477355957	0.01829385757446289
26_0	0.0020127296447753906	0.00019693374633789062
26_1	0.009901046752929688	0.009759664535522461
26_2	0.009293079376220703	0.009979963302612305
26_3	0.0019195079803466797	0.0001842975616455078
26_4	0.01611948013305664	0.0001976490020751953
27_0	0.01901388168334961	0.018934011459350586
27_1	0.019628047943115234	0.019270658493041992
27_2	0.02154850959777832	0.018918991088867188
27_3	0.025317668914794922	0.028713464736938477
27_4	0.020239830017089844	0.0204923152923584
27_5	0.019190311431884766	0.019308090209960938
27_6	0.018711566925048828	0.019170522689819336
27_7	0.05474281311035156	0.0195465087890625
27_8	0.024860382080078125	0.027923107147216797
27_9	0.020966768264770508	0.0220489501953125
27_10	0.0200345516204834	0.0206758975982666
28_0	0.14843010902404785	0.1737534999847412
28_1	0.1469419002532959	0.1686553955078125
28_2	0.07812857627868652	0.17747974395751953
28_3	0.18828797340393066	0.1814742088317871
28_4	0.1446218490600586	0.17666053771972656
28_5	0.14559578895568848	0.17825794219970703
28_6	0.07429742813110352	0.16932916641235352
28_7	0.07767868041992188	0.18540239334106445
28_8	0.08439970016479492	0.18700051307678223
28_9	0.08321070671081543	0.20315146446228027
28_10	-1.0	0.1890881061553955
29_0	0.1588001251220703	0.1570136547088623
29_1	0.18404769897460938	0.16184353828430176
29_2	0.16651248931884766	0.15792179107666016
29_3	0.07604551315307617	0.14933156967163086
29_4	0.08324146270751953	0.16030097007751465
29_5	0.172013521194458	0.14343810081481934
29_6	0.1735668182373047	0.15283489227294922
30_0	0.06300902366638184	0.10305094718933105
30_1	0.0911402702331543	0.08689117431640625
30_2	0.06326866149902344	0.06320834159851074
30_3	0.05542731285095215	0.06183576583862305
30_4	0.0621340274810791	0.06331348419189453
30_5	0.06374144554138184	0.06286382675170898
30_6	0.06277990341186523	0.07054257392883301
30_7	2.9325485229492188e-05	0.07390379905700684
30_8	0.06636261940002441	0.08012270927429199
31_0	0.06217002868652344	0.064117431640625
31_1	0.06336402893066406	0.06200003623962402
31_2	0.06238722801208496	0.062447547912597656
32_0	0.08134317398071289	0.09026598930358887
32_1	0.07807040214538574	0.10102343559265137
32_2	0.07299566268920898	0.11226940155029297
32_3	0.11425495147705078	0.09227585792541504
32_4	0.07424616813659668	0.0871424674987793
32_5	0.09173846244812012	0.1282026767730713
33_0	0.009310483932495117	0.009567499160766602
33_1	0.009597063064575195	0.009817361831665039
33_2	0.010637044906616211	0.010722160339355469
33_3	0.009272575378417969	0.009712457656860352
33_4	0.009246587753295898	0.009622335433959961
34_0	0.010054826736450195	0.009636163711547852
34_1	0.009833574295043945	0.010341644287109375
34_2	0.011339426040649414	0.011163949966430664
35_0	0.010737180709838867	0.01107168197631836
35_1	0.011346101760864258	0.011976003646850586
35_2	0.01109766960144043	0.012064456939697266
35_3	0.011687517166137695	0.012099504470825195
36_0	0.009636402130126953	0.009988546371459961
36_1	0.009037017822265625	0.00905466079711914
36_2	0.00994420051574707	0.00988912582397461
36_3	0.009023189544677734	0.009128093719482422
36_4	0.009474515914916992	0.009624481201171875
36_5	0.009528636932373047	0.009579181671142578
37_0	0.06719160079956055	0.09680986404418945
37_1	0.06683135032653809	0.07587981224060059
37_2	0.06585526466369629	0.07662796974182129
37_3	0.08927011489868164	0.07738232612609863
37_4	0.08332443237304688	0.06531333923339844
37_5	0.06527209281921387	0.0654296875
37_6	0.06812500953674316	0.07256126403808594
37_7	0.0662081241607666	0.06706738471984863
38_0	-1.0	0.022428512573242188
38_1	0.023584842681884766	0.023496150970458984
38_2	-1.0	0.024141788482666016
38_3	-1.0	0.02338123321533203
38_4	0.011410951614379883	0.02533435821533203
38_5	0.010834217071533203	0.026606082916259766
39_0	0.1735389232635498	0.05194401741027832
39_1	0.05229830741882324	0.054236412048339844
39_2	0.01212453842163086	0.048363685607910156
40_0	0.010255575180053711	0.01110219955444336
40_1	0.010986804962158203	0.012085914611816406
40_2	0.012042045593261719	0.012331008911132812
40_3	0.011834383010864258	0.010924100875854492
40_4	0.01175069808959961	0.012721061706542969
40_5	0.011776447296142578	0.011433601379394531
41_0	0.009880781173706055	0.010963916778564453
41_1	0.011395692825317383	0.011009931564331055
41_2	0.012572765350341797	0.014662027359008789
41_3	0.011403322219848633	0.012111663818359375
42_0	0.01216745376586914	0.011997222900390625
42_1	0.016618728637695312	0.010504007339477539
42_2	0.0019023418426513672	0.012349367141723633
43_0	0.07014822959899902	0.2575676441192627
43_1	0.11251068115234375	0.14788579940795898
43_2	0.13904285430908203	0.14165973663330078
43_3	0.15178561210632324	0.13305354118347168
43_4	0.13550949096679688	0.14915704727172852
44_0	0.009334087371826172	0.009883403778076172
44_1	0.009334087371826172	0.009483575820922852
44_2	0.013464927673339844	0.014622688293457031
44_3	0.011005878448486328	0.010684490203857422
44_4	0.00923776626586914	0.00938558578491211
44_5	0.010682344436645508	0.009983539581298828
44_6	0.00977778434753418	0.010180234909057617
45_0	0.01025390625	0.01909494400024414
45_1	0.010431051254272461	0.017707347869873047
45_2	0.010773420333862305	0.018413305282592773
45_3	0.010994195938110352	0.019180774688720703
46_0	0.010335206985473633	0.030091285705566406
46_1	0.04581117630004883	0.0260772705078125
46_2	0.044281005859375	0.030649423599243164
46_3	0.0002434253692626953	0.032358407974243164
46_4	0.0002129077911376953	0.0321657657623291
47_0	0.07060456275939941	0.08936285972595215
47_1	0.06014513969421387	0.061444759368896484
47_2	0.05869174003601074	0.09216523170471191
47_3	0.06812453269958496	0.08685946464538574
47_4	0.07261323928833008	0.07490253448486328
47_5	0.06506514549255371	0.06353640556335449
47_6	0.06657242774963379	0.07404422760009766
47_7	0.06223344802856445	0.07225203514099121
47_8	0.09267354011535645	0.06668663024902344
48_0	0.12195944786071777	0.08206558227539062
48_1	0.0659322738647461	0.06901001930236816
48_2	0.06485819816589355	0.08908939361572266
48_3	0.053879737854003906	0.05514407157897949
48_4	0.05818462371826172	0.05965709686279297
48_5	0.06265425682067871	0.06194591522216797
48_6	0.0622248649597168	0.09620499610900879
48_7	0.06617450714111328	0.1174619197845459
48_8	0.06692934036254883	0.09983587265014648
49_0	0.05970025062561035	0.10662436485290527
49_1	0.0583643913269043	0.11132097244262695
49_2	0.05620980262756348	0.09175419807434082
49_3	0.056565046310424805	0.09759259223937988
49_4	0.05915021896362305	0.08311223983764648
49_5	0.060463905334472656	0.12173104286193848
50_0	0.0691230297088623	0.06383585929870605
50_1	0.06254696846008301	0.061196327209472656
50_2	0.06972885131835938	0.07052111625671387
50_3	0.06230568885803223	0.060782670974731445
50_4	0.06363177299499512	0.07994318008422852
50_5	0.08410453796386719	0.06409049034118652
50_6	0.06229090690612793	0.061261653900146484
50_7	0.0632936954498291	0.07201862335205078
50_8	0.060735464096069336	0.0624697208404541
50_9	0.06226658821105957	0.07150959968566895
51_0	0.009845256805419922	0.00965571403503418
51_1	0.012760639190673828	0.00013446807861328125
51_2	0.011505365371704102	0.0001347064971923828
51_3	0.011045694351196289	0.00013589859008789062
51_4	0.009456157684326172	0.009244203567504883
51_5	0.00962066650390625	0.009706258773803711
51_6	0.009808063507080078	0.00966024398803711
51_7	0.013992786407470703	0.009634971618652344
51_8	0.009065628051757812	0.009225845336914062
51_9	0.010820865631103516	0.011020183563232422
51_10	0.011157512664794922	0.01178741455078125
52_0	0.012882471084594727	0.01347208023071289
52_1	0.022395610809326172	0.02709674835205078
52_2	0.012559175491333008	0.012955427169799805
52_3	0.04050469398498535	0.028584957122802734
52_4	0.029518842697143555	0.040406227111816406
52_5	0.029526948928833008	0.0406804084777832
52_6	0.020381927490234375	0.0003428459167480469
52_7	0.016074419021606445	0.00026416778564453125
53_0	0.07172298431396484	0.10605192184448242
53_1	0.06837010383605957	0.05710744857788086
53_2	0.2454078197479248	0.06877803802490234
53_3	0.06586313247680664	0.06758761405944824
53_4	0.18639039993286133	0.05821514129638672
53_5	0.20257091522216797	0.06202340126037598
53_6	0.1774756908416748	0.06654572486877441
53_7	0.20740818977355957	0.09618687629699707
53_8	0.22386741638183594	0.06929183006286621
53_9	0.06959056854248047	0.11989450454711914
53_10	0.05876755714416504	0.05965924263000488
53_11	0.07098555564880371	0.06099557876586914
53_12	0.05949521064758301	0.12243795394897461
53_13	0.06792116165161133	0.06479334831237793
54_0	0.4733717441558838	0.42187047004699707
54_1	0.43210291862487793	0.4253828525543213
54_2	0.09976458549499512	0.10059165954589844
54_3	0.4097111225128174	0.44116783142089844
54_4	0.06440305709838867	0.38893651962280273
55_0	0.3917562961578369	0.4179723262786865
55_1	0.11697149276733398	0.44001245498657227
55_2	0.09231019020080566	0.4327363967895508
55_3	0.10329365730285645	0.43231844902038574
55_4	0.03856301307678223	0.4190518856048584
56_0	0.017394542694091797	0.01995253562927246
56_1	0.012279272079467773	0.018018722534179688
56_2	0.018314123153686523	0.00013566017150878906
56_3	0.015012979507446289	0.018251895904541016
57_0	-1.0	0.32171630859375
57_1	0.08178973197937012	0.29337525367736816
57_2	-1.0	0.30109739303588867
57_3	-1.0	0.2992544174194336
57_4	-1.0	0.29237961769104004
57_5	-1.0	0.30258750915527344
57_6	-1.0	0.30120182037353516
57_7	-1.0	0.2886362075805664
57_8	-1.0	0.3062460422515869
57_9	0.09021711349487305	0.2866840362548828
57_10	-1.0	0.2925865650177002
57_11	-1.0	0.29312658309936523
57_12	0.01974630355834961	0.3008303642272949
57_13	-1.0	0.3334689140319824
57_14	-1.0	0.31296610832214355
57_15	0.08695697784423828	0.3212857246398926
57_16	0.0845174789428711	0.28644442558288574
57_17	0.08977603912353516	0.2910730838775635
57_18	0.3985111713409424	0.2753896713256836
57_19	0.08274102210998535	0.3047351837158203
57_20	-1.0	0.29280543327331543
57_21	-1.0	0.3343219757080078
57_22	-1.0	0.3819863796234131
57_23	0.15473365783691406	0.3109254837036133
57_24	-1.0	0.3033127784729004
57_25	-1.0	0.2842235565185547
58_0	0.009844779968261719	0.16230225563049316
58_1	0.009953498840332031	0.16064023971557617
58_2	0.020126819610595703	0.16135334968566895
58_3	0.00914764404296875	0.16119980812072754
58_4	0.00933218002319336	0.1487574577331543
58_5	0.010132312774658203	0.15527868270874023
58_6	0.011463403701782227	0.16103124618530273
59_0	0.009865999221801758	0.009792089462280273
59_1	0.22733688354492188	0.010103702545166016
59_2	0.009891033172607422	0.010544776916503906
59_3	0.008906841278076172	0.00962066650390625
59_4	0.23747968673706055	0.00915217399597168
59_5	0.010258197784423828	0.009737491607666016
59_6	0.06180858612060547	0.009716987609863281
59_7	0.009258270263671875	0.009612083435058594
59_8	0.15056991577148438	0.009479999542236328
59_9	0.008809089660644531	0.008733987808227539
59_10	0.009399890899658203	0.009789705276489258
59_11	-1.0	0.020826101303100586
59_12	0.07341480255126953	0.015386343002319336
59_13	0.009613990783691406	0.008803606033325195
59_14	0.00944209098815918	0.009578943252563477
59_15	0.05793356895446777	0.01110076904296875
59_16	0.1717851161956787	0.0106353759765625
60_0	0.012778520584106445	0.02207350730895996
60_1	0.011307001113891602	0.014976024627685547
60_2	0.0210878849029541	0.023077726364135742
60_3	0.010592460632324219	0.018519163131713867
60_4	0.010123491287231445	0.010113716125488281
60_5	0.011379241943359375	0.012006759643554688
60_6	0.012589454650878906	0.013596057891845703
60_7	0.016393184661865234	0.02035975456237793
60_8	0.010031938552856445	0.00999307632446289
60_9	0.009871721267700195	0.011627197265625
60_10	0.010753393173217773	0.01148843765258789
60_11	0.014454841613769531	0.010201692581176758
60_12	0.013333559036254883	0.017438173294067383
60_13	0.019932031631469727	0.022992849349975586
60_14	0.009691953659057617	0.009746074676513672
60_15	0.009861469268798828	0.010784387588500977
60_16	0.010702133178710938	0.010710477828979492
60_17	0.011030197143554688	0.011746406555175781
61_0	0.0746757984161377	0.07593846321105957
61_1	0.07663846015930176	0.06973123550415039
61_2	0.06517267227172852	0.06687164306640625
61_3	0.07283616065979004	0.0712733268737793
61_4	0.07843828201293945	0.07824969291687012
61_5	0.07047271728515625	0.07014870643615723
61_6	0.07380986213684082	0.0680227279663086
61_7	0.06653881072998047	0.07006621360778809
61_8	0.08446526527404785	0.0780344009399414
61_9	0.07144761085510254	0.06973528861999512
61_10	0.07163548469543457	0.07001543045043945
61_11	0.06483674049377441	0.06291699409484863
61_12	0.06579709053039551	0.06723880767822266
61_13	0.07063865661621094	0.06456756591796875
61_14	0.06792664527893066	0.06415557861328125
61_15	0.07763957977294922	0.07516288757324219
61_16	0.07014846801757812	0.06954789161682129
61_17	0.06496024131774902	0.06296658515930176
61_18	0.06650686264038086	0.07160043716430664
61_19	0.07100176811218262	0.06859517097473145
61_20	0.06673717498779297	0.06412267684936523
61_21	0.07067012786865234	0.06940293312072754
61_22	0.07097721099853516	0.06416153907775879
61_23	0.07583475112915039	0.09874534606933594
62_0	0.03955674171447754	0.04737710952758789
62_1	0.042701005935668945	0.09971880912780762
62_2	0.03967022895812988	0.08130908012390137
62_3	0.05519294738769531	0.07851457595825195
62_4	0.041504621505737305	0.09853816032409668
62_5	0.044313907623291016	0.09872961044311523
62_6	0.04517340660095215	0.08347177505493164
62_7	0.00788736343383789	0.0820624828338623
63_0	0.033043622970581055	0.040427207946777344
63_1	0.010303497314453125	0.00022530555725097656
63_2	0.011591672897338867	0.00013017654418945312
63_3	0.010601282119750977	0.00014925003051757812
63_4	0.018303871154785156	0.024891376495361328
63_5	0.012977838516235352	0.01391911506652832
63_6	0.03980660438537598	0.00013208389282226562
63_7	0.009806632995605469	0.00015687942504882812
63_8	0.013866424560546875	0.013930797576904297
63_9	0.015982389450073242	0.020932912826538086
63_10	0.037863731384277344	0.00019073486328125
63_11	0.013097524642944336	0.00018286705017089844
64_0	0.008486270904541016	0.008439302444458008
64_1	0.008589029312133789	0.00856161117553711
64_2	0.009268522262573242	0.009457111358642578
64_3	0.009915351867675781	0.009356975555419922
64_4	0.009252071380615234	0.009620428085327148
64_5	0.01409769058227539	0.009358406066894531
65_0	0.03355097770690918	0.03349447250366211
65_1	0.012059211730957031	0.020044565200805664
65_2	0.0001773834228515625	0.021133899688720703
65_3	0.00014781951904296875	0.021420955657958984
65_4	0.012242317199707031	0.020459651947021484
65_5	0.01987290382385254	0.01999974250793457
66_0	0.009435653686523438	0.009462833404541016
66_1	0.009603738784790039	0.0097808837890625
66_2	0.009426593780517578	0.009442329406738281
66_3	0.010970592498779297	0.010940074920654297
66_4	0.011913299560546875	0.012376546859741211
66_5	0.009401082992553711	0.00946044921875
66_6	0.009487390518188477	0.009349346160888672
66_7	0.009437322616577148	0.009320259094238281
66_8	0.010734081268310547	0.010785341262817383
66_9	0.010685920715332031	0.010810136795043945
66_10	0.010858774185180664	0.01133418083190918
67_0	0.009087324142456055	0.009173154830932617
67_1	0.01124715805053711	0.012027740478515625
67_2	0.011214494705200195	0.012286186218261719
67_3	0.01630568504333496	0.01592421531677246
67_4	0.011087656021118164	0.015056610107421875
67_5	0.010491609573364258	0.011168479919433594
67_6	0.009014129638671875	0.009190797805786133
67_7	0.009048223495483398	0.009273290634155273
67_8	0.009274005889892578	0.009232521057128906
67_9	0.010554075241088867	0.011501550674438477
68_0	0.01909184455871582	0.018038272857666016
68_1	0.017715930938720703	0.014553070068359375
68_2	0.01938486099243164	0.017174959182739258
68_3	0.01948857307434082	0.016310453414916992
68_4	0.018834352493286133	0.015691280364990234
68_5	0.017481088638305664	0.015435457229614258
68_6	0.017656326293945312	0.01499176025390625
68_7	0.019219636917114258	0.014543294906616211
68_8	0.02002692222595215	0.016606569290161133
68_9	-1.0	0.016887664794921875
69_0	0.011990070343017578	0.01341700553894043
69_1	0.022539377212524414	0.01387333869934082
69_2	0.01243901252746582	0.020836591720581055
69_3	0.012026071548461914	0.012965679168701172
69_4	0.017351627349853516	0.014045000076293945
69_5	0.027922391891479492	0.013494491577148438
69_6	0.011982440948486328	0.022385597229003906
69_7	0.09589719772338867	0.01216745376586914
69_8	0.011418581008911133	0.01295924186706543
69_9	0.010650396347045898	0.013043642044067383
69_10	0.011888504028320312	0.01310276985168457
69_11	0.012237787246704102	0.013124704360961914
69_12	0.011545658111572266	0.013569355010986328
69_13	0.011870861053466797	0.013340473175048828
69_14	0.012578487396240234	0.014684438705444336
69_15	0.013218164443969727	0.013667583465576172
71_0	0.05470108985900879	0.06396842002868652
71_1	0.05741286277770996	0.05628848075866699
71_2	0.06029844284057617	0.0724492073059082
71_3	0.05733942985534668	0.07470369338989258
71_4	0.058051109313964844	0.06238436698913574
71_5	0.100433349609375	0.0596010684967041
72_0	0.07362675666809082	0.07558584213256836
72_1	0.05881142616271973	0.07980632781982422
72_2	0.06272673606872559	0.07297801971435547
72_3	0.05602431297302246	0.07097005844116211
72_4	0.1188809871673584	0.07990193367004395
73_0	0.0028007030487060547	0.002010345458984375
73_1	0.002674579620361328	0.002196788787841797
73_2	0.002551555633544922	0.0020983219146728516
73_3	0.0018262863159179688	0.0019059181213378906
73_4	0.0022704601287841797	0.0019390583038330078
73_5	0.0018377304077148438	0.0018472671508789062
73_6	0.0022335052490234375	0.0019903182983398438
73_7	0.0022878646850585938	0.001920461654663086
73_8	0.030028104782104492	0.0019261837005615234
73_9	0.0030913352966308594	0.0026934146881103516
73_10	0.002644062042236328	0.0025322437286376953
73_11	0.002579212188720703	0.0019989013671875
73_12	0.0027184486389160156	0.0019481182098388672
73_13	0.002310037612915039	0.002065420150756836
73_14	0.0022704601287841797	0.001939535140991211
73_15	0.002295970916748047	0.0019071102142333984
73_16	0.0023581981658935547	0.0019505023956298828
73_17	0.0043315887451171875	0.001901865005493164
73_18	0.004375934600830078	0.0025877952575683594
75_0	0.0005686283111572266	0.0002200603485107422
75_1	0.0002346038818359375	0.00029969215393066406
75_2	0.0002455711364746094	0.0003159046173095703
75_3	0.00020837783813476562	0.0006296634674072266
75_4	0.00019121170043945312	0.00022077560424804688
75_5	0.000274658203125	0.00026488304138183594
75_6	0.00015473365783691406	0.0001556873321533203
75_7	0.00020194053649902344	0.000286102294921875
76_0	0.07170271873474121	0.06836938858032227
76_1	0.10435700416564941	0.08964276313781738
76_2	0.07649827003479004	0.06898808479309082
76_3	0.08163022994995117	0.07823395729064941
76_4	0.06859517097473145	0.07083392143249512
76_5	0.06724238395690918	0.06428194046020508
76_6	0.10759329795837402	0.06738686561584473
76_7	0.1169424057006836	0.07106900215148926
76_8	0.07209515571594238	0.07202863693237305
76_9	0.07647585868835449	0.0741262435913086
76_10	0.06557011604309082	0.06338667869567871
76_11	0.012861967086791992	0.07381772994995117
77_0	0.12412214279174805	0.1389462947845459
77_1	0.13283920288085938	0.1535625457763672
77_2	0.08267664909362793	0.12036442756652832
77_3	0.1286008358001709	0.1318354606628418
77_4	0.0783846378326416	0.12738370895385742
77_5	0.13152790069580078	0.13321805000305176
77_6	0.13785719871520996	0.13518667221069336
77_7	0.16628694534301758	0.147660493850708
77_8	0.12208175659179688	0.13957715034484863
77_9	0.07045102119445801	0.12068581581115723
77_10	-1.0	0.1268320083618164
78_0	0.011374473571777344	0.011136054992675781
78_1	0.010149478912353516	0.010206460952758789
78_2	0.010229349136352539	0.010444164276123047
78_3	0.010396003723144531	0.010272741317749023
78_4	0.010503292083740234	0.010450124740600586
78_5	0.010258197784423828	0.01036524772644043
78_6	0.009902715682983398	0.009930133819580078
79_0	0.02181529998779297	0.013290882110595703
79_1	0.012267112731933594	0.012643814086914062
79_2	0.02275228500366211	0.013915777206420898
79_3	0.012871265411376953	0.012708187103271484
79_4	0.027280092239379883	0.013351678848266602
79_5	0.02234673500061035	0.015311717987060547
79_6	0.02966022491455078	0.015621423721313477
79_7	0.012887239456176758	0.013860225677490234
79_8	0.028499841690063477	0.02038264274597168
79_9	0.013370037078857422	0.013106107711791992
79_10	0.013037681579589844	0.01336812973022461
80_0	0.05431699752807617	0.05663132667541504
80_1	0.07157182693481445	0.07085609436035156
80_2	0.06323051452636719	0.06776285171508789
80_3	0.055809736251831055	0.06027555465698242
80_4	0.06729364395141602	0.06528019905090332
80_5	0.06066560745239258	0.06284570693969727
80_6	0.05416560173034668	0.053945064544677734
80_7	0.05548667907714844	0.05776834487915039
80_8	0.07963180541992188	0.08018779754638672
80_9	0.06088685989379883	0.05690765380859375
80_10	0.08218097686767578	0.06067824363708496
81_0	0.051167964935302734	0.05627918243408203
81_1	0.07760214805603027	0.06782054901123047
81_2	0.0595088005065918	0.06049227714538574
81_3	0.08005595207214355	0.06505608558654785
81_4	0.05937552452087402	0.05714750289916992
81_5	0.05990195274353027	0.05755925178527832
81_6	0.05124497413635254	0.054586172103881836
81_7	0.07068395614624023	0.054206132888793945
82_0	0.00016808509826660156	0.00017690658569335938
82_1	0.00021886825561523438	0.00022363662719726562
82_2	0.00017333030700683594	0.0003733634948730469
82_3	0.00022077560424804688	0.00026607513427734375
82_4	0.0001609325408935547	0.0001780986785888672
83_0	0.02206730842590332	0.01944875717163086
83_1	0.019222021102905273	0.018962621688842773
83_2	0.019696474075317383	0.02089691162109375
83_3	0.019745826721191406	0.020491600036621094
83_4	0.019749879837036133	0.02009296417236328
83_5	0.019171953201293945	0.020873069763183594
83_6	0.01872730255126953	0.0188906192779541
83_7	0.02140974998474121	0.020302534103393555
83_8	0.02032017707824707	0.02017521858215332
84_0	0.01922297477722168	0.021928787231445312
84_1	0.020992517471313477	0.021100997924804688
84_2	0.0220944881439209	0.02163076400756836
85_0	0.00018787384033203125	0.00019240379333496094
85_1	0.00017523765563964844	0.0002770423889160156
85_2	0.00018095970153808594	0.0005049705505371094
85_3	0.02701401710510254	0.00012540817260742188
85_4	0.09686803817749023	0.00018715858459472656
86_0	0.055956125259399414	0.04939842224121094
86_1	0.05544543266296387	0.04775047302246094
86_2	0.0792093276977539	0.07804560661315918
86_3	0.08339285850524902	0.07668232917785645
86_4	0.05333757400512695	0.049063920974731445
86_5	0.12732577323913574	0.0546722412109375
86_6	0.08848929405212402	0.051299333572387695
86_7	0.03346610069274902	0.07512784004211426
86_8	0.1945040225982666	0.0460963249206543
86_9	0.04947471618652344	0.05237531661987305
87_0	0.00028061866760253906	0.00025343894958496094
87_1	0.00018858909606933594	0.00022721290588378906
87_2	0.00020575523376464844	0.00019025802612304688
87_3	0.0002346038818359375	0.0002503395080566406
87_4	0.00021457672119140625	0.0003261566162109375
87_5	0.00018358230590820312	0.00023102760314941406
87_6	0.00018930435180664062	0.00027561187744140625
87_7	0.00034618377685546875	0.0002617835998535156
88_0	0.014269351959228516	0.0648491382598877
88_1	0.07110166549682617	0.06740713119506836
88_2	0.025545835494995117	0.07883524894714355
88_3	0.00030875205993652344	0.08183455467224121
88_4	0.07264280319213867	0.07748603820800781
88_5	0.034136295318603516	0.07029962539672852
88_6	0.00017213821411132812	0.08467721939086914
88_7	0.01200556755065918	0.07127642631530762
88_8	0.03518080711364746	0.06278467178344727
88_9	0.00016641616821289062	0.06463789939880371
89_0	0.0005242824554443359	0.0889582633972168
89_1	0.0393834114074707	0.08602786064147949
89_2	0.00027108192443847656	0.12761378288269043
89_3	0.026549100875854492	0.09133338928222656
89_4	0.10889124870300293	0.08756542205810547
89_5	0.00026488304138183594	0.08305764198303223
89_6	0.0003104209899902344	0.11290216445922852
90_0	0.05619168281555176	0.09097099304199219
90_1	0.06552863121032715	0.08694791793823242
90_2	0.06287527084350586	0.09532523155212402
90_3	0.05698442459106445	0.08648824691772461
90_4	0.08359384536743164	0.0950927734375
90_5	0.08188486099243164	0.09430408477783203
90_6	0.06420350074768066	0.08915424346923828
90_7	0.05245399475097656	0.08543062210083008
90_8	0.05344057083129883	0.0906212329864502
90_9	0.06959295272827148	0.08368301391601562
90_10	0.07608747482299805	0.0985102653503418
91_0	0.08512234687805176	0.16729521751403809
91_1	0.09784674644470215	0.18110132217407227
91_2	0.12473082542419434	0.18084478378295898
91_3	0.07195568084716797	0.169081449508667
91_4	0.09804511070251465	0.18642854690551758
92_0	0.016223430633544922	0.03145146369934082
92_1	0.015659332275390625	0.03722333908081055
92_2	0.015112638473510742	0.04951024055480957
93_0	0.015653371810913086	0.0159146785736084
93_1	0.015276670455932617	0.015714645385742188
93_2	0.01488494873046875	0.015244007110595703
93_3	0.011744976043701172	0.01121973991394043
93_4	0.010026693344116211	0.010670661926269531
94_0	0.010118722915649414	0.010560274124145508
94_1	0.00953054428100586	0.010070085525512695
94_2	0.009198665618896484	0.008933544158935547
94_3	0.00906825065612793	0.009010553359985352
94_4	0.009302616119384766	0.009327888488769531
94_5	0.011099815368652344	0.010675430297851562
94_6	0.010059595108032227	0.010630607604980469
94_7	0.015532255172729492	0.010606765747070312
94_8	0.015797853469848633	0.01061558723449707
95_0	0.018030881881713867	0.018154382705688477
95_1	0.01876544952392578	0.0182950496673584
95_2	0.018050432205200195	0.0186612606048584
95_3	0.021623849868774414	0.021678924560546875
96_0	0.010200023651123047	0.009885311126708984
96_1	0.009717702865600586	0.009760856628417969
96_2	0.011802434921264648	0.010424137115478516
96_3	0.011532068252563477	0.011928558349609375
96_4	0.009300708770751953	0.009702920913696289
96_5	0.011053800582885742	0.010427713394165039
96_6	0.011835098266601562	0.017774343490600586
97_0	0.009720087051391602	0.009675264358520508
97_1	0.07846856117248535	0.00020837783813476562
97_2	0.009847164154052734	0.009650707244873047
97_3	0.010105133056640625	0.00971531867980957
97_4	0.009795188903808594	0.009738922119140625
97_5	0.010361909866333008	0.01009225845336914
97_6	0.009329557418823242	0.010062694549560547
97_7	0.00022745132446289062	0.00028014183044433594
98_0	0.06786012649536133	0.06479501724243164
98_1	0.06523609161376953	0.08519959449768066
98_2	0.06414675712585449	0.06951761245727539
98_3	0.057103633880615234	0.06233072280883789
98_4	0.059159040451049805	0.09206390380859375
98_5	0.06433558464050293	0.06592726707458496
98_6	0.05817866325378418	0.06176471710205078
98_7	0.05811309814453125	0.06733298301696777
99_0	0.011286497116088867	0.0640096664428711
99_1	0.011447906494140625	0.06700539588928223
99_2	0.06336736679077148	0.0982508659362793
99_3	0.025317668914794922	0.0644221305847168
99_4	0.011611700057983398	0.06226658821105957
99_5	0.06798744201660156	0.06813979148864746
99_6	0.012255668640136719	0.0659337043762207
99_7	0.06905651092529297	0.06534719467163086
100_0	0.06647348403930664	0.07049179077148438
100_1	0.06503629684448242	0.06790351867675781
100_2	0.08071374893188477	0.11382341384887695
100_3	0.06905722618103027	0.07485222816467285
100_4	0.06613612174987793	0.06285834312438965
100_5	0.06659150123596191	0.06868457794189453
100_6	0.0678715705871582	0.07006192207336426
100_7	0.0674436092376709	0.06588172912597656
101_0	0.06189870834350586	0.10991191864013672
101_1	0.06235551834106445	0.1071014404296875
101_2	0.06466460227966309	0.1076505184173584
101_3	0.06373333930969238	0.1050422191619873
101_4	0.06519746780395508	0.1114203929901123
101_5	0.08835887908935547	0.10357284545898438
101_6	0.058832406997680664	0.09871268272399902
102_0	0.007668972015380859	0.007580280303955078
102_1	0.008179903030395508	0.007428884506225586
102_2	0.008378028869628906	0.007831335067749023
102_3	0.12114667892456055	0.008044004440307617
102_4	0.008112192153930664	0.0080108642578125
102_5	0.09131646156311035	0.009344339370727539
102_6	0.008690118789672852	0.009666919708251953
102_7	0.008552789688110352	0.008523702621459961
103_0	0.010018110275268555	0.010072708129882812
103_1	0.00913095474243164	0.009545326232910156
103_2	0.017821788787841797	0.020333051681518555
103_3	0.011785507202148438	0.012374162673950195
103_4	0.011040449142456055	0.010997295379638672
103_5	0.012617111206054688	0.010474681854248047
103_6	0.015199899673461914	0.010616302490234375
103_7	0.00040435791015625	0.008260488510131836
104_0	0.07838082313537598	0.07817769050598145
104_1	0.06862235069274902	0.0698087215423584
104_2	0.0675656795501709	0.07511162757873535
104_3	0.012430191040039062	0.09600591659545898
104_4	0.10621166229248047	0.07998943328857422
104_5	0.06471467018127441	0.07832503318786621
104_6	0.0720052719116211	0.09875082969665527
104_7	0.07376265525817871	0.07023000717163086
105_0	0.023494958877563477	0.00013875961303710938
105_1	0.0001537799835205078	0.0001373291015625
105_2	0.01451563835144043	0.0001983642578125
105_3	0.0001659393310546875	0.0001430511474609375
105_4	0.0004527568817138672	0.00014090538024902344
105_5	0.0001556873321533203	0.0001480579376220703
106_0	0.07456016540527344	0.07297325134277344
106_1	0.07514309883117676	0.055938720703125
106_2	0.06208968162536621	0.0766592025756836
106_3	0.06423497200012207	0.09614872932434082
106_4	0.05881047248840332	0.07422733306884766
106_5	0.05923056602478027	0.05912899971008301
106_6	0.0646820068359375	0.0759420394897461
107_0	0.011566877365112305	0.07480525970458984
107_1	0.05800175666809082	0.05169868469238281
107_2	0.0560612678527832	0.055730581283569336
107_3	0.05038332939147949	0.056730031967163086
107_4	0.05583977699279785	0.05000638961791992
107_5	0.013894796371459961	0.059781551361083984
107_6	0.050327301025390625	0.055289506912231445
108_0	0.011693954467773438	0.01203298568725586
108_1	0.01210165023803711	0.01661539077758789
108_2	0.011977195739746094	0.0171201229095459
108_3	0.011856794357299805	0.011708259582519531
108_4	0.011252880096435547	0.01186513900756836
108_5	0.01263737678527832	0.011569976806640625
108_6	0.018669605255126953	0.01086115837097168
108_7	-1.0	0.031149625778198242
109_0	0.017838001251220703	0.011919260025024414
109_1	-1.0	0.07053065299987793
109_2	-1.0	0.05278921127319336
109_3	0.012248516082763672	0.05365276336669922
109_4	0.02495408058166504	0.0530550479888916
109_5	2.7158124446868896	0.0501103401184082
109_6	0.0372467041015625	0.04941701889038086
109_7	0.022272586822509766	0.050726890563964844
110_0	0.16691064834594727	0.00013899803161621094
110_1	0.00018405914306640625	0.00020933151245117188
110_2	0.029221296310424805	0.0001533031463623047
110_3	0.0019791126251220703	0.0001366138458251953
110_4	0.02251267433166504	0.029860973358154297
110_5	0.17255949974060059	0.00033974647521972656
110_6	0.1859121322631836	0.00013136863708496094
111_0	0.04944419860839844	0.049063682556152344
111_1	0.048201560974121094	0.04834270477294922
111_2	0.11488699913024902	0.04847550392150879
111_3	0.08483338356018066	0.052370309829711914
111_4	0.08730888366699219	0.05602741241455078
111_5	0.05021166801452637	0.04939413070678711
111_6	0.04923248291015625	0.053107500076293945
112_0	0.05988121032714844	0.05051279067993164
112_1	0.05914473533630371	0.054671525955200195
112_2	0.05174660682678223	0.050896644592285156
112_3	0.04867362976074219	0.049193620681762695
112_4	0.055719614028930664	0.04993438720703125
112_5	0.048992156982421875	0.05095267295837402
113_0	0.00015115737915039062	0.0373079776763916
113_1	0.0766146183013916	0.03586459159851074
113_2	0.009628534317016602	0.03670048713684082
113_3	0.00980377197265625	0.035932064056396484
113_4	0.009595632553100586	0.03708910942077637
113_5	-1.0	0.03652811050415039
114_0	0.014844179153442383	0.06556940078735352
114_1	0.015303850173950195	0.06884479522705078
114_2	0.023876190185546875	0.022254228591918945
114_3	0.02603888511657715	0.025310993194580078
114_4	0.02347588539123535	0.0255739688873291
114_5	0.020730972290039062	0.06660628318786621
114_6	0.015277385711669922	0.06884336471557617
115_0	0.011054754257202148	0.0968928337097168
115_1	0.021752119064331055	0.09511661529541016
115_2	5.165751218795776	0.08927583694458008
115_3	-1.0	0.1250300407409668
115_4	0.02288365364074707	0.08948707580566406
115_5	0.010939836502075195	0.08782315254211426
115_6	0.011521339416503906	0.09460949897766113
116_0	0.010583877563476562	0.009913921356201172
116_1	0.010912418365478516	0.009796142578125
116_2	0.010131120681762695	0.010351896286010742
116_3	0.010848283767700195	0.01137089729309082
116_4	0.009230852127075195	0.009730339050292969
116_5	0.009615182876586914	0.009137153625488281
116_6	0.009684085845947266	0.009855031967163086
116_7	0.010148286819458008	0.010375738143920898
117_0	0.21904325485229492	0.015236616134643555
117_1	0.012099504470825195	0.01600480079650879
117_2	0.2510831356048584	0.0162050724029541
117_3	0.21986031532287598	0.01715230941772461
117_4	-1.0	0.01689314842224121
117_5	0.25313830375671387	0.015585660934448242
118_0	0.053336381912231445	0.0646967887878418
118_1	0.053984642028808594	0.07561278343200684
118_2	0.059476613998413086	0.06507420539855957
118_3	0.05402517318725586	0.05645418167114258
118_4	0.058236122131347656	0.07365822792053223
118_5	0.05868268013000488	0.07091474533081055
118_6	0.0641031265258789	0.11114954948425293
118_7	0.056600332260131836	0.05903220176696777
119_0	0.009673118591308594	0.009776592254638672
119_1	0.009438514709472656	0.009518861770629883
119_2	0.009890556335449219	0.009737253189086914
119_3	0.009700536727905273	0.010068893432617188
119_4	0.00909113883972168	0.009798288345336914
119_5	0.009115219116210938	0.009099960327148438
119_6	0.009231090545654297	0.010582447052001953
119_7	0.008893728256225586	0.009088754653930664
120_0	0.009648799896240234	0.00984644889831543
120_1	0.009038209915161133	0.009459257125854492
120_2	0.009844779968261719	0.009700775146484375
120_3	0.011593818664550781	0.009535074234008789
120_4	0.00892329216003418	0.00891733169555664
120_5	0.008915185928344727	0.008953094482421875
120_6	0.00892186164855957	0.00875401496887207
121_0	0.0506136417388916	0.050662994384765625
121_1	0.07021594047546387	0.05023384094238281
121_2	0.05092000961303711	0.0538942813873291
121_3	0.09260797500610352	0.05522489547729492
121_4	0.05183696746826172	0.05785083770751953
121_5	0.056368112564086914	0.056464433670043945
121_6	0.055495500564575195	0.0566401481628418
122_0	0.06248617172241211	0.059763431549072266
122_1	0.06039905548095703	0.06571030616760254
122_2	0.058705806732177734	0.060402631759643555
122_3	0.06139326095581055	0.05604410171508789
122_4	0.058034658432006836	0.0595705509185791
122_5	0.07581019401550293	0.0829477310180664
122_6	0.05651378631591797	0.0613865852355957
123_0	0.019094228744506836	0.019400835037231445
123_1	0.02021050453186035	0.02100849151611328
123_2	0.019898414611816406	0.021137237548828125
123_3	0.020857810974121094	0.02077507972717285
123_4	0.0493161678314209	0.02086329460144043
123_5	0.020768404006958008	0.019855737686157227
123_6	-1.0	0.020750045776367188
123_7	0.013109445571899414	0.02083873748779297
123_8	0.02041935920715332	0.020425081253051758
124_0	0.013373851776123047	0.013575553894042969
124_1	0.013524055480957031	0.013230085372924805
124_2	0.012733697891235352	0.01396036148071289
124_3	0.013991355895996094	0.014229059219360352
124_4	0.013362407684326172	0.01374053955078125
124_5	0.00016832351684570312	0.00013971328735351562
124_6	0.03552746772766113	0.00018787384033203125
124_7	0.00016379356384277344	0.00014090538024902344
125_0	0.07403182983398438	0.07293963432312012
125_1	0.07383966445922852	0.07663583755493164
125_2	0.06555938720703125	0.06543731689453125
125_3	0.06523728370666504	0.06736946105957031
125_4	0.07417058944702148	0.07606172561645508
125_5	0.07517337799072266	0.06637716293334961
125_6	0.11706948280334473	0.06825566291809082
125_7	0.06927657127380371	0.07362914085388184
125_8	0.07868170738220215	0.07415628433227539
126_0	0.008084774017333984	0.0346982479095459
126_1	0.007868289947509766	0.03329133987426758
126_2	0.00767970085144043	0.032056570053100586
126_3	0.009060859680175781	0.034253597259521484
126_4	0.008808374404907227	0.035730600357055664
126_5	0.009050130844116211	0.037448883056640625
126_6	0.0078029632568359375	0.035067081451416016
126_7	0.008236408233642578	0.03476977348327637
126_8	0.008956432342529297	0.030497074127197266
127_0	0.00015425682067871094	0.0001418590545654297
127_1	0.00014829635620117188	0.00013947486877441406
127_2	0.00015473365783691406	0.0001392364501953125
127_3	0.00016117095947265625	0.00018095970153808594
127_4	0.020558595657348633	0.020873308181762695
127_5	0.00014829635620117188	0.00013566017150878906
127_6	0.0001595020294189453	0.00016450881958007812
127_7	0.0001761913299560547	0.00016236305236816406
127_8	0.0001685619354248047	0.0001392364501953125
128_0	0.009870290756225586	0.009952068328857422
128_1	0.014171123504638672	0.010250091552734375
128_2	0.01389932632446289	0.010662078857421875
128_3	0.009717226028442383	0.009775400161743164
128_4	0.009639739990234375	0.010317325592041016
128_5	0.009113311767578125	0.009163856506347656
128_6	0.009751558303833008	0.00987553596496582
129_0	0.008316755294799805	0.008311986923217773
129_1	0.011977195739746094	0.012739419937133789
129_2	0.010184526443481445	0.010259866714477539
129_3	0.025437116622924805	0.027925729751586914
129_4	0.013769149780273438	0.012431621551513672
129_5	0.011028051376342773	0.011292695999145508
129_6	0.009128808975219727	0.00946044921875
129_7	0.008304357528686523	0.008420228958129883
129_8	0.010885238647460938	0.008231163024902344
129_9	0.008316278457641602	0.008234024047851562
130_0	0.053914785385131836	0.053829193115234375
130_1	0.05367088317871094	0.05381274223327637
130_2	0.05379080772399902	0.05384016036987305
130_3	0.0649106502532959	0.05514645576477051
130_4	0.05478405952453613	0.058563232421875
130_5	0.054573774337768555	0.055633544921875
130_6	0.05602622032165527	0.05339407920837402
130_7	0.05881857872009277	0.053702354431152344
131_0	0.00915837287902832	0.009333372116088867
131_1	0.009204626083374023	0.009020566940307617
131_2	0.010147571563720703	0.009884834289550781
131_3	0.010785102844238281	0.009937047958374023
132_0	0.12210273742675781	0.06113409996032715
132_1	0.05053067207336426	0.05839824676513672
132_2	0.05582404136657715	0.05946063995361328
132_3	0.06503987312316895	0.054288387298583984
132_4	0.07228255271911621	0.07412195205688477
132_5	0.06663274765014648	0.06560730934143066
133_0	0.018192529678344727	0.1445448398590088
133_1	0.017328262329101562	0.20684313774108887
133_2	0.022428512573242188	0.13892841339111328
133_3	0.017877817153930664	0.14534354209899902
133_4	0.017174720764160156	0.14862751960754395
133_5	0.01566624641418457	0.1425762176513672
133_6	0.0703277587890625	0.15009212493896484
133_7	0.018616199493408203	0.13470077514648438
134_0	0.012358903884887695	0.013625621795654297
134_1	0.014670610427856445	0.01656818389892578
134_2	0.010864973068237305	0.015938282012939453
134_3	0.016474485397338867	0.016133785247802734
134_4	0.014654397964477539	0.016896963119506836
134_5	0.017786264419555664	0.01671624183654785
134_6	0.01633310317993164	0.01574420928955078
134_7	0.2610783576965332	0.015620708465576172
135_0	0.04980349540710449	0.04981255531311035
135_1	0.05166220664978027	0.05144524574279785
135_2	0.04971146583557129	0.05380749702453613
135_3	0.06181955337524414	0.06388998031616211
135_4	0.04970526695251465	0.05021786689758301
135_5	0.061670780181884766	0.05787205696105957
135_6	0.05555367469787598	0.05616044998168945
135_7	0.05081987380981445	0.05029916763305664
135_8	0.06386280059814453	0.0639193058013916
135_9	0.06163334846496582	0.0632472038269043
135_10	0.05203366279602051	0.052960872650146484
136_0	0.0001544952392578125	0.0001633167266845703
136_1	0.0001838207244873047	0.0002143383026123047
136_2	0.00018644332885742188	0.0002105236053466797
136_3	0.00016164779663085938	0.0002067089080810547
136_4	0.0004525184631347656	0.000644683837890625
136_5	0.00016260147094726562	0.0001735687255859375
136_6	0.0010881423950195312	0.0015234947204589844
136_7	0.01826310157775879	0.0008575916290283203
137_0	0.0001995563507080078	0.0004444122314453125
137_1	0.00022721290588378906	0.0002605915069580078
137_2	0.00017833709716796875	0.00021886825561523438
137_3	0.00018405914306640625	0.0002048015594482422
137_4	0.00021266937255859375	0.0004076957702636719
137_5	0.01116323471069336	0.0002167224884033203
137_6	0.00021147727966308594	0.00024008750915527344
137_7	0.0002014636993408203	0.00032830238342285156
137_8	0.01564311981201172	0.00024628639221191406
138_0	0.01069331169128418	0.010782241821289062
138_1	0.010744571685791016	0.010953664779663086
138_2	0.010352849960327148	0.00022912025451660156
138_3	0.00939035415649414	0.0001628398895263672
139_0	0.10216021537780762	0.08087325096130371
139_1	0.0001800060272216797	0.08402395248413086
139_2	0.000293731689453125	0.08617591857910156
139_3	0.00019168853759765625	0.10119199752807617
139_4	0.04477119445800781	0.0870213508605957
139_5	0.11660027503967285	0.09016799926757812
139_6	0.09600019454956055	0.08761811256408691
139_7	0.0020160675048828125	0.09126663208007812
139_8	0.12758445739746094	0.0886077880859375
140_0	0.012766361236572266	0.012973785400390625
140_1	0.01253962516784668	0.014242410659790039
140_2	0.011349678039550781	0.012576580047607422
140_3	0.017447948455810547	0.02129387855529785
140_4	0.01907181739807129	0.026639699935913086
140_5	0.016365766525268555	0.014883995056152344
140_6	0.20926904678344727	0.017641305923461914
140_7	0.036977291107177734	0.0313570499420166
141_0	0.0001678466796875	0.00016641616821289062
141_1	0.00020837783813476562	0.0001919269561767578
141_2	0.0002262592315673828	0.00019097328186035156
141_3	0.00022220611572265625	0.0005364418029785156
141_4	0.00038504600524902344	0.0005087852478027344
141_5	0.0001704692840576172	0.0005087852478027344
141_6	0.00017070770263671875	0.00022411346435546875
141_7	0.0001404285430908203	0.00015044212341308594
142_0	0.014911890029907227	0.016530513763427734
142_1	0.011636734008789062	0.01213693618774414
142_2	0.01139521598815918	0.011744260787963867
142_3	0.009392738342285156	0.009471893310546875
142_4	0.00901937484741211	0.008960247039794922
142_5	0.009290695190429688	0.008936882019042969
142_6	0.009874105453491211	0.0099639892578125
142_7	0.009004354476928711	0.009040117263793945
142_8	0.009263992309570312	0.009119510650634766
142_9	0.008917808532714844	0.009267091751098633
142_10	0.009575128555297852	0.00969839096069336
142_11	0.009871244430541992	0.009689092636108398
143_0	0.00879979133605957	0.011239290237426758
143_1	0.008824586868286133	0.010910749435424805
143_2	0.008759737014770508	0.011287927627563477
143_3	0.008836984634399414	0.010990381240844727
143_4	0.0088958740234375	0.012174129486083984
143_5	0.008739233016967773	0.010922670364379883
143_6	0.00886225700378418	0.01106882095336914
143_7	0.008820056915283203	0.011006832122802734
143_8	0.00015997886657714844	0.00013780593872070312
143_9	0.15448570251464844	0.000125885009765625
144_0	0.0958707332611084	0.10567307472229004
144_1	0.09646224975585938	0.09660100936889648
144_2	0.10187721252441406	0.09716439247131348
144_3	0.10546183586120605	0.18475842475891113
144_4	0.09751105308532715	0.1013023853302002
144_5	0.09702587127685547	0.09758949279785156
144_6	0.09697818756103516	0.09781575202941895
144_7	-1.0	0.13017868995666504
145_0	0.011780500411987305	0.02069401741027832
145_1	0.012798547744750977	0.02060222625732422
145_2	0.011280298233032227	0.019847631454467773
145_3	0.055184364318847656	0.0199735164642334
145_4	0.011788368225097656	0.01989293098449707
145_5	0.011845588684082031	0.020824670791625977
145_6	0.010788679122924805	0.012592077255249023
145_7	0.012920856475830078	0.019849538803100586
145_8	0.03700900077819824	0.01977252960205078
145_9	0.011382341384887695	0.020096778869628906
146_0	0.06336688995361328	0.06338858604431152
146_1	0.07137107849121094	0.07465934753417969
146_2	0.2067568302154541	0.14001727104187012
146_3	0.06269049644470215	0.06309366226196289
146_4	0.0625755786895752	0.06891846656799316
146_5	0.0658562183380127	0.06275534629821777
146_6	0.06261610984802246	0.06266546249389648
146_7	0.06268477439880371	0.06274986267089844
146_8	0.06557965278625488	0.06287336349487305
146_9	0.01966261863708496	0.07274842262268066
147_0	0.01620960235595703	0.010485172271728516
147_1	0.05643510818481445	0.011023283004760742
147_2	0.016234874725341797	0.010521173477172852
147_3	0.0001628398895263672	0.011171579360961914
147_4	0.09786152839660645	0.010974884033203125
147_5	0.00016355514526367188	0.01109933853149414
147_6	0.0001583099365234375	0.011114120483398438
147_7	31.0	0.011627435684204102
147_8	31.0	0.012095451354980469
148_0	0.14793825149536133	0.14906907081604004
148_1	0.14915847778320312	0.20924162864685059
148_2	0.15300631523132324	0.15152359008789062
148_3	0.15316987037658691	0.1846461296081543
148_4	0.14813542366027832	0.1861100196838379
148_5	0.23903322219848633	0.20605707168579102
148_6	0.24373722076416016	0.22974443435668945
148_7	0.14833617210388184	0.16817045211791992
148_8	0.14837312698364258	0.15900826454162598
148_9	0.1499171257019043	0.1505422592163086
148_10	0.2128896713256836	0.1524970531463623
148_11	0.2472386360168457	0.1971290111541748
148_12	0.1475203037261963	0.21423101425170898
148_13	0.1476438045501709	0.15146517753601074
148_14	0.14841294288635254	0.18523740768432617
148_15	0.2623410224914551	0.15290164947509766
148_16	0.22864079475402832	0.15573883056640625
149_0	0.05453205108642578	0.05460023880004883
149_1	0.05450296401977539	0.054557085037231445
149_2	0.0545806884765625	0.054463863372802734
149_3	0.054233551025390625	0.054421186447143555
149_4	0.054322242736816406	0.05451774597167969
149_5	0.06035327911376953	0.05489993095397949
149_6	0.054326772689819336	0.05446028709411621
149_7	0.05437755584716797	0.05428123474121094
149_8	0.05439162254333496	0.05438542366027832
149_9	0.054306745529174805	0.05421304702758789
149_10	0.054273128509521484	0.05462908744812012
149_11	0.034224748611450195	0.05333709716796875
149_12	0.05450558662414551	0.05472826957702637
149_13	0.03478360176086426	0.05182456970214844
149_14	0.05425882339477539	0.0549318790435791
149_15	0.05423092842102051	0.05461573600769043
149_16	0.05463600158691406	0.054502248764038086
149_17	0.05415749549865723	0.05450606346130371
149_18	0.051367759704589844	0.05346846580505371
149_19	0.054465293884277344	0.05427408218383789
149_20	0.05424976348876953	0.05440044403076172
149_21	0.05440330505371094	0.05420851707458496
149_22	0.05423998832702637	0.05422353744506836
149_23	0.05497169494628906	0.05434107780456543
149_24	0.054155826568603516	0.05580735206604004
149_25	0.0547633171081543	0.055238962173461914
149_26	0.0541074275970459	0.05480837821960449
149_27	0.03477025032043457	0.05282306671142578
149_28	0.05430912971496582	0.05460786819458008
149_29	0.15062308311462402	0.05224752426147461
150_0	0.08499264717102051	0.12583255767822266
150_1	0.08527612686157227	0.1263742446899414
150_2	0.010750532150268555	0.12849211692810059
150_3	0.009505748748779297	0.08518624305725098
150_4	0.07891082763671875	0.08292818069458008
150_5	0.03908419609069824	0.08312749862670898
151_0	0.00881814956665039	0.009155988693237305
151_1	0.008926868438720703	0.009005546569824219
151_2	0.00914311408996582	0.008912801742553711
151_3	0.00910496711730957	0.009433507919311523
151_4	0.008972883224487305	0.008966445922851562
151_5	0.008850574493408203	0.009035587310791016
151_6	0.009057998657226562	0.008846282958984375
152_0	0.009188175201416016	0.009044647216796875
152_1	0.051403045654296875	0.010093212127685547
152_2	0.009044885635375977	0.009359121322631836
152_3	0.0090484619140625	0.009467601776123047
152_4	0.009062528610229492	0.009417057037353516
152_5	0.05069231986999512	0.010260581970214844
152_6	0.05132699012756348	0.010374307632446289
153_0	0.012705326080322266	0.012847423553466797
153_1	0.01266789436340332	0.013230085372924805
153_2	0.012745380401611328	0.012873172760009766
153_3	0.012970447540283203	0.013030052185058594
153_4	0.013155460357666016	0.013026237487792969
153_5	0.012771368026733398	0.012843132019042969
153_6	0.012684822082519531	0.013010263442993164
154_0	0.009290933609008789	0.08621978759765625
154_1	0.08572959899902344	0.08603382110595703
154_2	0.08614659309387207	0.08644580841064453
154_3	0.00930333137512207	0.08841323852539062
154_4	0.0855715274810791	0.08640313148498535
154_5	0.00939178466796875	0.08843040466308594
154_6	0.009283065795898438	0.08643794059753418
155_0	0.02288675308227539	0.029953479766845703
155_1	0.01331639289855957	0.013891458511352539
155_2	0.012424230575561523	0.012562274932861328
155_3	0.012468814849853516	0.012459993362426758
155_4	0.012489795684814453	0.012430906295776367
155_5	0.012728452682495117	0.012320280075073242
155_6	0.012500286102294922	0.012428522109985352
155_7	0.012506723403930664	0.012348651885986328
156_0	0.012459993362426758	0.013192176818847656
156_1	0.012350797653198242	0.012538433074951172
156_2	0.01275777816772461	0.013026952743530273
156_3	0.01302957534790039	0.012741804122924805
156_4	0.012552261352539062	0.013056755065917969
156_5	0.012555122375488281	0.012468814849853516
156_6	0.012437582015991211	0.012514591217041016
156_7	0.012454986572265625	0.012593269348144531
157_0	0.08820199966430664	0.1584148406982422
157_1	0.08905744552612305	0.15851330757141113
157_2	0.09304475784301758	0.1615767478942871
157_3	0.08805251121520996	0.15839552879333496
157_4	0.33265137672424316	0.1585707664489746
157_5	0.08907794952392578	0.16069936752319336
157_6	0.15449976921081543	0.15523099899291992
157_7	0.07736968994140625	0.15950512886047363
157_8	-1.0	0.1602766513824463
158_0	-1.0	0.15959763526916504
158_1	0.08912944793701172	0.15982985496520996
158_2	0.0888059139251709	0.15910649299621582
158_3	0.08857178688049316	0.15901517868041992
158_4	0.09694623947143555	0.15872669219970703
158_5	0.09684228897094727	0.1604454517364502
158_6	0.1437673568725586	0.16048812866210938
158_7	0.09697794914245605	0.15953826904296875
159_0	0.00017833709716796875	0.11422371864318848
159_1	0.028316259384155273	0.11352109909057617
159_2	0.00017023086547851562	0.11307048797607422
159_3	0.02363133430480957	0.11288785934448242
159_4	0.00017213821411132812	0.11369061470031738
159_5	0.07155537605285645	0.1129293441772461
159_6	0.0711066722869873	0.1134498119354248
159_7	0.00016570091247558594	0.11375284194946289
159_8	0.0001773834228515625	0.11326122283935547
159_9	0.07108879089355469	0.11317229270935059
159_10	0.023396968841552734	0.11490559577941895
159_11	0.07104635238647461	0.11326146125793457
160_0	0.06033802032470703	0.08711099624633789
160_1	0.05624222755432129	0.07956671714782715
160_2	0.05899548530578613	0.08749532699584961
160_3	0.12307238578796387	0.1278693675994873
160_4	0.052866220474243164	0.05274200439453125
160_5	0.05909013748168945	0.08774352073669434
160_6	0.05408906936645508	0.06369614601135254
160_7	0.05297970771789551	0.05299234390258789
160_8	0.06067299842834473	0.08719801902770996
160_9	0.052887678146362305	0.05303478240966797
160_10	0.059308767318725586	0.0837552547454834
160_11	0.05873465538024902	0.08322024345397949
161_0	0.011490583419799805	0.016603469848632812
161_1	0.009543895721435547	0.01376795768737793
161_2	0.008946418762207031	0.012068986892700195
161_3	0.009784698486328125	0.011913776397705078
161_4	0.008919954299926758	0.012018442153930664
161_5	0.012620210647583008	0.01189732551574707
161_6	0.009070873260498047	0.012313365936279297
161_7	0.009411811828613281	0.012058496475219727
161_8	0.008863449096679688	0.012011289596557617
162_0	0.016905784606933594	0.024555206298828125
162_1	0.023966550827026367	0.03704643249511719
162_2	0.02367115020751953	0.04017281532287598
162_3	0.02367401123046875	0.04056215286254883
162_4	0.02950882911682129	0.04048299789428711
162_5	0.03305816650390625	0.0381011962890625
162_6	0.056404829025268555	0.06970691680908203
162_7	0.02297186851501465	0.027370214462280273
162_8	0.026990413665771484	0.03431963920593262
162_9	0.04937171936035156	0.045290470123291016
163_0	0.10454463958740234	0.012955188751220703
163_1	0.026375770568847656	0.015126466751098633
163_2	0.011296272277832031	0.011269807815551758
163_3	0.009441614151000977	0.009604215621948242
163_4	0.0097198486328125	0.009450197219848633
163_5	0.009401559829711914	0.009320497512817383
163_6	0.03148770332336426	0.010214090347290039
163_7	0.09114789962768555	0.010742664337158203
164_0	0.07009530067443848	0.0704030990600586
164_1	0.1489696502685547	0.0700066089630127
164_2	0.07015156745910645	0.07019829750061035
164_3	0.07039117813110352	0.07043004035949707
164_4	0.07051682472229004	0.07013511657714844
164_5	0.07000231742858887	0.07029151916503906
164_6	0.07009458541870117	0.0703120231628418
164_7	0.07599163055419922	0.0771784782409668
165_0	0.019376039505004883	0.043349266052246094
165_1	0.01996612548828125	0.04269671440124512
165_2	0.01962113380432129	0.04234433174133301
165_3	0.0195615291595459	0.042505741119384766
165_4	0.019254207611083984	0.042502403259277344
165_5	0.02078723907470703	0.042524099349975586
165_6	-1.0	0.04338645935058594
165_7	0.019349336624145508	0.043486833572387695
166_0	0.11491751670837402	0.08038544654846191
166_1	0.09429216384887695	0.10173773765563965
166_2	0.11707663536071777	0.0806272029876709
166_3	0.08011674880981445	0.08335685729980469
166_4	0.1142876148223877	0.10872173309326172
166_5	0.0944662094116211	0.08030891418457031
166_6	0.15665650367736816	0.0821681022644043
167_0	0.00018668174743652344	0.0001811981201171875
167_1	0.00017523765563964844	0.0001671314239501953
167_2	0.00018072128295898438	0.00022125244140625
167_3	0.00018787384033203125	0.0001857280731201172
167_4	0.00026297569274902344	0.0001838207244873047
167_5	0.0002841949462890625	0.0001876354217529297
167_6	0.04643845558166504	0.0001842975616455078
168_0	0.010231256484985352	0.01003718376159668
168_1	0.02004408836364746	0.029490947723388672
168_2	0.025528907775878906	0.013538122177124023
168_3	0.016804933547973633	0.01900506019592285
168_4	0.011871814727783203	0.012223958969116211
168_5	0.010679483413696289	0.010680913925170898
168_6	0.019388437271118164	0.023248910903930664
168_7	0.020629405975341797	0.025002241134643555
168_8	0.012488365173339844	0.01320505142211914
168_9	0.011829137802124023	0.012509584426879883
169_0	0.04688453674316406	0.10891604423522949
169_1	0.04696512222290039	0.10630059242248535
169_2	0.11322522163391113	0.10751724243164062
169_3	0.054100990295410156	0.18758940696716309
169_4	0.1135859489440918	0.11175537109375
169_5	0.01950836181640625	0.13973474502563477
169_6	0.07135629653930664	0.10610771179199219
169_7	0.015115737915039062	0.10616302490234375
170_0	0.030173301696777344	0.09089088439941406
170_1	0.025511980056762695	0.09073257446289062
170_2	0.04872941970825195	0.09100866317749023
170_3	0.08075499534606934	0.08592867851257324
170_4	0.0001804828643798828	0.09103631973266602
170_5	0.0921783447265625	0.15681123733520508
170_6	0.030336380004882812	0.09307670593261719
170_7	0.08365797996520996	0.08756685256958008
170_8	0.032495975494384766	0.09276103973388672
171_0	0.0001704692840576172	0.022829294204711914
171_1	0.00019025802612304688	0.022400617599487305
171_2	0.00015807151794433594	0.02269768714904785
171_3	0.0001575946807861328	0.03455662727355957
171_4	0.18801641464233398	0.023578882217407227
171_5	0.0001533031463623047	0.023961782455444336
171_6	0.010362625122070312	0.012050390243530273
171_7	0.0001862049102783203	0.041284799575805664
171_8	0.00019025802612304688	0.022951841354370117
171_9	0.0001583099365234375	0.02276444435119629
171_10	0.08094525337219238	0.022525548934936523
171_11	0.11604523658752441	0.02257537841796875
172_0	0.020954608917236328	0.024494647979736328
172_1	0.013232231140136719	0.013427257537841797
172_2	0.02079629898071289	0.027393817901611328
172_3	0.024675607681274414	0.03546762466430664
172_4	0.025003433227539062	0.039215803146362305
172_5	0.025028705596923828	0.04415488243103027
172_6	0.021780967712402344	0.030416250228881836
172_7	0.015253782272338867	0.037633657455444336
172_8	0.025318622589111328	0.03821206092834473
172_9	0.01769232749938965	0.04203343391418457
172_10	0.020015239715576172	0.026134014129638672
173_0	0.009658575057983398	0.009919166564941406
173_1	0.009685993194580078	0.009640932083129883
173_2	0.008986234664916992	0.009185791015625
173_3	0.010020017623901367	0.009116888046264648
173_4	0.009457588195800781	0.009460926055908203
173_5	0.0089874267578125	0.00905299186706543
173_6	0.009311437606811523	0.009098529815673828
173_7	0.00963902473449707	0.009266376495361328
173_8	0.009101629257202148	0.00913858413696289
173_9	0.00927114486694336	0.009784460067749023
173_10	0.009291887283325195	0.009749174118041992
174_0	0.07064342498779297	0.07801294326782227
174_1	0.07003426551818848	0.0701596736907959
174_2	0.07070159912109375	0.0705418586730957
174_3	0.07030439376831055	0.0701608657836914
174_4	0.14803814888000488	0.07037901878356934
174_5	0.14829730987548828	0.07146453857421875
174_6	0.0710306167602539	0.07184720039367676
174_7	0.07037568092346191	0.07016777992248535
174_8	0.06998419761657715	0.07066178321838379
175_0	0.05456209182739258	0.05451488494873047
175_1	0.07633662223815918	0.05473160743713379
175_2	0.055135488510131836	0.054688215255737305
175_3	0.054911136627197266	0.05543637275695801
175_4	0.05510973930358887	0.055411338806152344
175_5	0.05528426170349121	0.05622696876525879
175_6	0.05544877052307129	0.055708885192871094
175_7	0.05545163154602051	0.05531764030456543
175_8	0.05543208122253418	0.05646991729736328
176_0	0.010729312896728516	0.012488842010498047
176_1	0.010835647583007812	0.012474298477172852
176_2	0.011373281478881836	0.012398481369018555
176_3	0.010197639465332031	0.011285781860351562
176_4	0.010505437850952148	0.01197361946105957
176_5	0.03377079963684082	0.012015581130981445
176_6	0.014048576354980469	0.016466617584228516
176_7	0.010272979736328125	0.014495372772216797
177_0	0.01178431510925293	0.011311769485473633
177_1	0.010515451431274414	0.010651588439941406
177_2	0.010570049285888672	0.010497331619262695
177_3	0.010941267013549805	0.010481119155883789
177_4	0.011820793151855469	0.011779069900512695
177_5	0.0104522705078125	0.01054072380065918
177_6	0.011193990707397461	0.011257171630859375
178_0	0.05442357063293457	0.17560172080993652
178_1	0.11326098442077637	0.17181611061096191
178_2	0.1306164264678955	0.1720716953277588
178_3	0.149766206741333	0.17199468612670898
178_4	0.11374521255493164	0.17248845100402832
178_5	0.05478262901306152	0.17234158515930176
178_6	0.00983881950378418	0.1733229160308838
178_7	0.04990530014038086	0.17184710502624512
178_8	0.11768031120300293	0.26959705352783203
178_9	0.013716936111450195	0.19345855712890625
178_10	0.01377248764038086	0.16913986206054688
179_0	0.00032520294189453125	0.00031685829162597656
179_1	0.00032782554626464844	0.0003037452697753906
179_2	0.0003037452697753906	0.00031304359436035156
179_3	0.00030112266540527344	0.0003380775451660156
179_4	0.00035881996154785156	0.0003387928009033203
179_5	0.0005030632019042969	0.0005481243133544922
179_6	0.00034499168395996094	0.00042176246643066406
179_7	0.0003094673156738281	0.0003249645233154297
179_8	0.0004894733428955078	0.0003211498260498047
180_0	0.011416912078857422	0.11085987091064453
180_1	0.010586977005004883	0.10119295120239258
180_2	0.01036834716796875	0.10055899620056152
180_3	0.011376380920410156	0.10545825958251953
180_4	-1.0	0.11153936386108398
180_5	-1.0	0.10810017585754395
180_6	0.011519670486450195	0.13493800163269043
180_7	0.010981559753417969	0.10722112655639648
180_8	0.021538734436035156	0.10546994209289551
180_9	0.011679887771606445	0.11116766929626465
181_0	0.010037660598754883	0.10965085029602051
181_1	0.009733438491821289	0.10598421096801758
181_2	0.010656356811523438	0.16363239288330078
181_3	0.010201692581176758	0.10714507102966309
181_4	0.010397911071777344	0.1041264533996582
181_5	0.010131597518920898	0.10463643074035645
181_6	0.010014533996582031	0.10859322547912598
181_7	0.013210535049438477	0.10881495475769043
181_8	0.011417150497436523	0.11863923072814941
181_9	0.15671253204345703	0.11460494995117188
181_10	0.02679896354675293	0.11182212829589844
182_0	0.04537534713745117	0.17346549034118652
182_1	0.049243927001953125	0.18457841873168945
182_2	0.0440526008605957	0.1819138526916504
182_3	0.14251422882080078	0.11684370040893555
182_4	0.00992274284362793	0.1235647201538086
182_5	0.1728515625	0.16094207763671875
182_6	0.16107511520385742	0.13294005393981934
182_7	0.019710302352905273	0.16284799575805664
182_8	0.025892257690429688	0.15889835357666016
183_0	0.07445740699768066	0.07456111907958984
183_1	0.07156229019165039	0.07353663444519043
183_2	0.07064270973205566	0.0698084831237793
183_3	0.07091617584228516	0.07121038436889648
183_4	0.07379603385925293	0.06744527816772461
183_5	0.07347297668457031	0.0869295597076416
183_6	0.07709097862243652	0.06924080848693848
183_7	0.08091115951538086	0.06736087799072266
183_8	0.06796860694885254	0.08081936836242676
183_9	0.06341934204101562	0.09297823905944824
184_0	0.014711856842041016	0.015751123428344727
184_1	0.016753196716308594	0.011486530303955078
184_2	0.11464667320251465	0.029073476791381836
184_3	0.014077186584472656	0.010979890823364258
184_4	0.016409635543823242	0.012660741806030273
184_5	0.0150909423828125	0.011394262313842773
184_6	0.015783071517944336	0.011520862579345703
184_7	0.014513254165649414	0.011444330215454102
184_8	0.013868093490600586	0.015226364135742188
184_9	0.030557632446289062	0.028676509857177734
185_0	0.24925923347473145	0.14763855934143066
185_1	0.03920793533325195	0.10895252227783203
185_2	0.10233521461486816	0.09617376327514648
185_3	0.08079934120178223	0.11422514915466309
185_4	0.19151592254638672	0.10434103012084961
185_5	0.10058474540710449	0.11462116241455078
185_6	-1.0	0.09586334228515625
185_7	0.07230544090270996	0.08800101280212402
185_8	0.23561668395996094	0.09131789207458496
186_0	0.07246184349060059	0.09734296798706055
186_1	0.0634775161743164	0.0734405517578125
186_2	0.07196497917175293	0.08114171028137207
186_3	0.07315540313720703	0.07607483863830566
186_4	0.07072186470031738	0.09066009521484375
186_5	0.0745851993560791	0.0857086181640625
186_6	0.07203102111816406	0.07617950439453125
186_7	0.07233285903930664	0.07834458351135254
187_0	0.12555742263793945	0.1288444995880127
187_1	0.14824795722961426	0.13009881973266602
187_2	0.17899751663208008	0.15291690826416016
187_3	0.1320052146911621	0.1290147304534912
187_4	-1.0	0.1342165470123291
188_0	0.09079170227050781	0.09110784530639648
188_1	0.08831596374511719	0.08293986320495605
188_2	0.09554839134216309	0.0838015079498291
189_0	0.12542486190795898	0.2019352912902832
189_1	0.03811168670654297	0.21222877502441406
189_2	0.044643402099609375	0.2272813320159912
189_3	0.037236690521240234	0.20587897300720215
189_4	0.014722108840942383	0.21954822540283203
189_5	-1.0	0.216813325881958
190_0	0.03354525566101074	0.11935925483703613
190_1	0.030266523361206055	0.10645675659179688
190_2	0.1590282917022705	0.1147160530090332
190_3	0.031797170639038086	0.2614727020263672
190_4	0.03386425971984863	0.136061429977417
190_5	0.009516477584838867	0.10364341735839844
191_0	0.0001697540283203125	0.06731462478637695
191_1	0.017113447189331055	0.07063603401184082
191_2	0.00019788742065429688	0.08191776275634766
191_3	0.014858245849609375	0.07620930671691895
191_4	0.012900829315185547	0.08544921875
191_5	0.0191495418548584	0.07742071151733398
192_0	0.026787519454956055	0.16086483001708984
192_1	0.025785207748413086	0.16226720809936523
192_2	0.03753781318664551	0.15196895599365234
192_3	0.055797576904296875	0.15405511856079102
192_4	0.0237882137298584	0.158416748046875
192_5	0.12767648696899414	0.15632009506225586
193_0	0.06810808181762695	0.0668497085571289
193_1	0.05313730239868164	0.08600616455078125
193_2	0.016833782196044922	0.08593225479125977
193_3	0.05258989334106445	0.08303713798522949
193_4	0.018369436264038086	0.10930442810058594
193_5	0.051331520080566406	0.11111330986022949
193_6	0.049324989318847656	0.08298707008361816
193_7	0.032677650451660156	0.0793144702911377
194_0	0.07645559310913086	0.07768130302429199
194_1	0.07448840141296387	0.0729365348815918
194_2	0.08112335205078125	0.08194756507873535
194_3	0.08875012397766113	0.0751030445098877
194_4	0.08174872398376465	0.08244466781616211
194_5	0.12363147735595703	0.07769417762756348
195_0	0.010823249816894531	0.17145967483520508
195_1	0.011184453964233398	0.15614557266235352
195_2	0.00016260147094726562	0.15663981437683105
196_0	0.07250690460205078	0.07011842727661133
196_1	0.05561041831970215	0.07207942008972168
196_2	0.06381535530090332	0.12088942527770996
196_3	-1.0	0.0698390007019043
196_4	-1.0	0.10786199569702148
197_0	-1.0	0.08176255226135254
197_1	-1.0	0.07550168037414551
197_2	-1.0	0.07470059394836426
197_3	-1.0	0.07587003707885742
197_4	-1.0	0.0758204460144043
197_5	0.009441375732421875	0.07515597343444824
198_0	0.052866458892822266	0.052284955978393555
198_1	0.05296158790588379	0.05331754684448242
198_2	0.053336143493652344	0.052431583404541016
198_3	0.053395986557006836	0.055654048919677734
198_4	0.05609846115112305	0.0679316520690918
198_5	0.05279731750488281	0.05254030227661133
199_0	0.058333635330200195	0.11371541023254395
199_1	0.057184457778930664	0.10848402976989746
199_2	0.062110185623168945	0.11012411117553711
199_3	0.060996294021606445	0.15862822532653809
199_4	0.011142730712890625	0.11134123802185059
199_5	0.031584978103637695	0.11270022392272949
200_0	0.05928540229797363	0.0628054141998291
200_1	0.06281661987304688	0.08896231651306152
200_2	0.06641721725463867	0.08931922912597656
201_0	0.06048321723937988	0.23531222343444824
201_1	0.0599370002746582	0.23302817344665527
201_2	0.21276450157165527	0.2319340705871582
202_0	0.010191917419433594	0.053369760513305664
202_1	0.04685664176940918	0.053140878677368164
202_2	0.01453256607055664	0.053200721740722656
203_0	31.0	0.022165536880493164
203_1	31.0	0.023361921310424805
203_2	0.01484823226928711	0.024416446685791016
204_0	0.05884671211242676	0.07339310646057129
204_1	0.07894635200500488	0.07154202461242676
204_2	0.08205294609069824	0.0732421875
204_3	0.014314889907836914	0.07563328742980957
204_4	0.08451676368713379	0.07433629035949707
204_5	0.05977177619934082	0.07486414909362793
205_0	0.11063265800476074	0.10707640647888184
205_1	0.09612035751342773	0.09399747848510742
205_2	0.07790088653564453	0.08765006065368652
205_3	0.2229173183441162	0.09012484550476074
205_4	0.09391164779663086	0.09302091598510742
205_5	0.06088614463806152	0.08389091491699219
206_0	0.00016927719116210938	0.0001800060272216797
206_1	-1.0	0.00013446807861328125
207_0	0.010324478149414062	0.013898611068725586
207_1	0.010274410247802734	0.0009288787841796875
