1_0	0.008748292922973633	0.012947797775268555
1_1	0.008274555206298828	0.008311986923217773
1_2	0.010499954223632812	0.009139299392700195
1_3	0.008283376693725586	0.00839686393737793
1_4	0.013876199722290039	0.010969877243041992
1_5	0.008566856384277344	0.013812541961669922
1_6	0.008319616317749023	0.008651018142700195
1_7	0.008575439453125	0.00850367546081543
1_8	0.009456634521484375	0.008343935012817383
1_9	0.010712862014770508	0.00847172737121582
1_10	0.008229255676269531	0.008443117141723633
2_0	0.008315086364746094	0.008600711822509766
2_1	0.008482217788696289	0.00859832763671875
2_2	0.008703947067260742	0.008804798126220703
2_3	0.009332895278930664	0.009208917617797852
2_4	0.008559942245483398	0.008745431900024414
2_5	0.008742570877075195	0.008916616439819336
2_6	0.008719921112060547	0.008866548538208008
2_7	0.00870370864868164	0.008783578872680664
2_8	0.010422468185424805	0.008938074111938477
2_9	0.008963823318481445	0.00901484489440918
2_10	0.009399175643920898	0.008950233459472656
3_0	0.0634152889251709	0.06413435935974121
3_1	0.05855751037597656	0.055890798568725586
3_2	0.05951881408691406	0.05569744110107422
3_3	0.06574368476867676	0.05588698387145996
3_4	0.0710599422454834	0.05775904655456543
3_5	0.05527019500732422	0.05948138236999512
3_6	0.05814695358276367	0.055484771728515625
3_7	0.05593132972717285	0.05798196792602539
3_8	0.05473017692565918	0.05618596076965332
3_9	0.05504727363586426	0.0611567497253418
3_10	0.014535903930664062	0.056385040283203125
4_0	0.008943319320678711	0.008819818496704102
4_1	0.008590221405029297	0.009550333023071289
4_2	0.010313034057617188	0.009956598281860352
4_3	0.00903177261352539	0.008885622024536133
4_4	0.008952140808105469	0.008809566497802734
4_5	0.009064674377441406	0.008960723876953125
4_6	0.00924992561340332	0.008781909942626953
5_0	0.010724782943725586	0.06833672523498535
5_1	0.010641336441040039	0.06194353103637695
5_2	0.0007367134094238281	0.06317496299743652
5_3	0.00066375732421875	0.06867098808288574
5_4	-1.0	0.06247878074645996
5_5	0.00976705551147461	0.06607675552368164
5_6	0.008781909942626953	0.06434893608093262
5_7	0.021068334579467773	0.06974959373474121
6_0	0.00019550323486328125	0.00021648406982421875
6_1	0.00021409988403320312	0.0001571178436279297
6_2	0.00018477439880371094	0.0002770423889160156
6_3	0.0001785755157470703	0.00016570091247558594
6_4	0.00026416778564453125	0.00015783309936523438
6_5	0.00018358230590820312	0.000244140625
6_6	0.0001919269561767578	0.00018715858459472656
6_7	0.00018715858459472656	0.0001659393310546875
6_8	0.00018334388732910156	0.00017690658569335938
6_9	0.0001933574676513672	0.00015807151794433594
6_10	0.00023889541625976562	0.0001995563507080078
6_11	0.0001819133758544922	0.00017213821411132812
6_12	0.00023651123046875	0.0001785755157470703
7_0	0.01978445053100586	0.01940751075744629
7_1	0.02033686637878418	0.02252030372619629
7_2	0.02127528190612793	0.019680023193359375
7_3	0.0475461483001709	0.019777536392211914
7_4	0.01934075355529785	0.024149417877197266
7_5	0.01952958106994629	0.022075891494750977
7_6	0.01947951316833496	0.019831418991088867
7_7	0.019437074661254883	0.019779443740844727
7_8	0.01934957504272461	0.019438982009887695
7_9	0.019908666610717773	0.019715309143066406
7_10	0.05176734924316406	0.01975226402282715
7_11	0.020561695098876953	0.02044534683227539
7_12	0.015411138534545898	0.02353525161743164
8_0	0.09693598747253418	0.0736229419708252
8_1	0.09942317008972168	0.10781502723693848
8_2	0.09657144546508789	0.09683847427368164
8_3	0.09948968887329102	0.10028862953186035
9_0	0.03143668174743652	0.0002129077911376953
9_1	0.00022602081298828125	0.0002028942108154297
9_2	0.00019311904907226562	0.00019812583923339844
9_3	0.0002033710479736328	0.0002238750457763672
9_4	0.000209808349609375	0.0002429485321044922
10_0	0.11407589912414551	0.22622060775756836
10_1	0.10729598999023438	0.22480154037475586
10_2	0.2431933879852295	0.2306981086730957
10_3	0.11541342735290527	0.2406020164489746
10_4	0.11287569999694824	0.24475812911987305
10_5	0.1217653751373291	0.26209211349487305
10_6	0.0898587703704834	0.22102022171020508
10_7	0.06409358978271484	0.12969064712524414
10_8	0.06241655349731445	0.13428521156311035
10_9	0.12683963775634766	0.1421525478363037
10_10	0.013450384140014648	0.12761592864990234
11_0	0.06951642036437988	0.12682342529296875
11_1	0.0641632080078125	0.12952518463134766
11_2	0.06604170799255371	0.1245570182800293
11_3	0.06227993965148926	0.14235305786132812
11_4	0.06197381019592285	0.1285245418548584
11_5	0.06671404838562012	0.1302659511566162
11_6	0.06447362899780273	0.12476730346679688
11_7	0.12533783912658691	0.1287248134613037
12_0	0.06251001358032227	0.07735776901245117
12_1	0.06489944458007812	0.06756281852722168
12_2	0.06322455406188965	0.06357598304748535
12_3	0.07655811309814453	0.06315088272094727
12_4	0.06347203254699707	0.06492948532104492
12_5	0.033417701721191406	0.06819391250610352
13_0	0.00020623207092285156	0.0001430511474609375
13_1	0.00017118453979492188	0.00013637542724609375
13_2	0.00023055076599121094	0.0001380443572998047
13_3	0.0334324836730957	0.00013589859008789062
13_4	0.00022029876708984375	0.0001480579376220703
13_5	0.00023031234741210938	0.00016307830810546875
13_6	0.0002410411834716797	0.00021696090698242188
13_7	0.00015974044799804688	0.00018596649169921875
13_8	0.0002052783966064453	0.00015163421630859375
13_9	0.00018477439880371094	0.00020051002502441406
14_0	0.00019097328186035156	0.00013971328735351562
14_1	0.00015974044799804688	0.00014281272888183594
14_2	0.01954507827758789	0.00014472007751464844
14_3	0.00015926361083984375	0.00017309188842773438
14_4	0.05594301223754883	0.00017142295837402344
15_0	0.08732271194458008	0.17800045013427734
15_1	0.08939146995544434	0.15972661972045898
15_2	0.0865485668182373	0.16441035270690918
15_3	0.17288970947265625	0.17044329643249512
15_4	0.16812872886657715	0.1640172004699707
16_0	0.08637881278991699	0.08458971977233887
16_1	0.08754563331604004	0.09604263305664062
16_2	0.14060068130493164	0.09645986557006836
16_3	0.08854484558105469	0.13221168518066406
17_0	-1.0	0.0001533031463623047
17_1	0.0004220008850097656	0.000156402587890625
17_2	0.0002181529998779297	0.00018739700317382812
17_3	-1.0	0.0001308917999267578
17_4	0.00017380714416503906	0.00019669532775878906
17_5	0.0001690387725830078	0.00017690658569335938
17_6	0.00016689300537109375	0.0002014636993408203
17_7	0.0001895427703857422	0.0001571178436279297
17_8	0.0002117156982421875	0.0001342296600341797
17_9	-1.0	0.0002033710479736328
17_10	0.0003955364227294922	0.00013566017150878906
17_11	0.020847320556640625	0.00014901161193847656
17_12	-1.0	0.00013589859008789062
17_13	0.04898214340209961	0.00020647048950195312
17_14	0.08687305450439453	0.00019025802612304688
18_0	0.11880683898925781	0.1007835865020752
18_1	0.11640524864196777	0.11204648017883301
18_2	0.11687684059143066	0.1087806224822998
18_3	0.10945534706115723	0.11833620071411133
18_4	0.10429525375366211	0.1096656322479248
18_5	0.10979270935058594	0.10588479042053223
18_6	0.11467146873474121	0.11384868621826172
19_0	0.21490788459777832	0.32877206802368164
19_1	0.11928558349609375	0.27503442764282227
19_2	0.1845557689666748	0.181626558303833
19_3	0.13253140449523926	0.1825416088104248
19_4	0.0673530101776123	0.18467330932617188
20_0	0.06458783149719238	0.12031674385070801
20_1	0.09154462814331055	0.1215355396270752
20_2	0.075531005859375	0.12488174438476562
20_3	0.06413626670837402	0.11919116973876953
20_4	0.06274008750915527	0.11968135833740234
21_0	0.03523397445678711	0.010271072387695312
21_1	0.04244565963745117	0.009502887725830078
21_2	-1.0	0.009539365768432617
21_3	-1.0	0.009814023971557617
21_4	-1.0	0.009019136428833008
21_5	-1.0	0.009500980377197266
21_6	0.013098001480102539	0.009070396423339844
21_7	0.009584426879882812	0.009181499481201172
21_8	0.008809566497802734	0.009210348129272461
22_0	0.008974313735961914	0.009810209274291992
22_1	0.00897669792175293	0.008975744247436523
22_2	0.01071786880493164	0.009285688400268555
22_3	0.009105920791625977	0.010106801986694336
22_4	0.01198267936706543	0.00907588005065918
22_5	0.008871793746948242	0.009003400802612305
22_6	0.009412527084350586	0.009804248809814453
22_7	0.008764028549194336	0.008953571319580078
22_8	0.008919000625610352	0.010043144226074219
22_9	0.008852005004882812	0.011230945587158203
22_10	0.008914709091186523	0.009017229080200195
23_0	0.07642221450805664	0.059310197830200195
23_1	0.06282234191894531	0.06148982048034668
23_2	0.06538963317871094	0.06328797340393066
23_3	0.06619668006896973	0.06277942657470703
23_4	0.06307268142700195	0.06437325477600098
23_5	0.06529760360717773	0.061911821365356445
23_6	0.06261110305786133	0.06361770629882812
23_7	0.06367993354797363	0.06317377090454102
23_8	0.06206345558166504	0.0646214485168457
24_0	0.08306264877319336	0.14853334426879883
24_1	0.1842176914215088	0.1447155475616455
24_2	0.0822458267211914	0.1585097312927246
24_3	0.0847465991973877	0.14609742164611816
24_4	0.08537840843200684	0.14593505859375
24_5	0.18764543533325195	0.14916777610778809
24_6	0.08166837692260742	0.14690899848937988
25_0	0.00017976760864257812	0.018815994262695312
25_1	0.01592564582824707	0.017126083374023438
25_2	0.022838354110717773	0.016269207000732422
25_3	0.016181230545043945	0.015929460525512695
25_4	0.018288135528564453	0.015996456146240234
25_5	0.00952458381652832	0.016993284225463867
26_0	0.000247955322265625	0.00018167495727539062
26_1	0.010029077529907227	0.00019979476928710938
26_2	0.00024318695068359375	0.00022363662719726562
26_3	0.015280961990356445	0.00018906593322753906
26_4	0.015003681182861328	0.00018906593322753906
27_0	0.018119096755981445	0.019858360290527344
27_1	0.018300294876098633	0.018030881881713867
27_2	0.021770954132080078	0.018934011459350586
27_3	0.01912689208984375	0.017854690551757812
27_4	0.017808914184570312	0.018283605575561523
27_5	0.017632246017456055	0.018014192581176758
27_6	0.017721176147460938	0.030948162078857422
27_7	0.01772022247314453	0.01835489273071289
27_8	0.022248506546020508	0.018000364303588867
27_9	0.018386363983154297	0.024127721786499023
27_10	0.017863750457763672	0.01796269416809082
28_0	0.08860397338867188	0.18735194206237793
28_1	0.16948437690734863	0.18361806869506836
28_2	0.08649039268493652	0.20261311531066895
28_3	0.08363199234008789	0.18473029136657715
28_4	0.08445572853088379	0.18964004516601562
28_5	0.08378934860229492	0.1866912841796875
28_6	0.08618712425231934	0.1948716640472412
28_7	0.08359336853027344	0.1865677833557129
28_8	0.2714240550994873	0.19185376167297363
28_9	0.19537854194641113	0.34758520126342773
28_10	0.18759751319885254	0.3252387046813965
29_0	0.13742971420288086	0.3000931739807129
29_1	0.1439502239227295	0.2923252582550049
29_2	0.1582775115966797	0.30306077003479004
29_3	0.15456843376159668	0.31777429580688477
29_4	0.1528172492980957	0.3032519817352295
29_5	0.08055353164672852	0.19182729721069336
29_6	0.09200429916381836	0.1661972999572754
30_0	0.03203725814819336	0.06383442878723145
30_1	0.06587672233581543	0.06311440467834473
30_2	0.0769038200378418	0.06326603889465332
30_3	0.05966901779174805	0.0634913444519043
30_4	0.060607194900512695	0.0666053295135498
30_5	0.06303620338439941	0.06340646743774414
30_6	0.06131410598754883	0.06596541404724121
30_7	0.06235766410827637	0.08806800842285156
30_8	0.06152486801147461	0.06311154365539551
31_0	0.062215566635131836	0.06766867637634277
31_1	0.0625753402709961	0.06282782554626465
31_2	0.0666341781616211	0.06749677658081055
32_0	-1.0	0.08531069755554199
32_1	-1.0	0.08031916618347168
32_2	0.1033174991607666	0.08251762390136719
32_3	0.09517788887023926	0.09654736518859863
32_4	0.09984540939331055	0.08466601371765137
32_5	0.0782921314239502	0.08197808265686035
33_0	0.011405706405639648	0.012664556503295898
33_1	0.011408805847167969	0.01169443130493164
33_2	0.011645793914794922	0.011509418487548828
33_3	0.012050151824951172	0.012172937393188477
33_4	0.01137089729309082	0.01162409782409668
34_0	0.011827230453491211	0.011739730834960938
34_1	0.011645793914794922	0.011561870574951172
34_2	0.011721372604370117	0.011897563934326172
35_0	0.009402990341186523	0.009131669998168945
35_1	0.011113405227661133	0.009158849716186523
35_2	0.009058713912963867	0.00908350944519043
35_3	0.01587986946105957	0.009178876876831055
36_0	0.009020805358886719	0.009174346923828125
36_1	0.008978128433227539	0.008917570114135742
36_2	0.00904226303100586	0.009259462356567383
36_3	0.0091400146484375	0.008989572525024414
36_4	0.00873112678527832	0.00967717170715332
36_5	-1.0	0.009107351303100586
37_0	0.07927322387695312	0.07635807991027832
37_1	0.07250356674194336	0.07399439811706543
37_2	0.07445859909057617	0.08160901069641113
37_3	0.06044912338256836	0.07649803161621094
37_4	0.0766909122467041	0.07825231552124023
37_5	0.07649517059326172	0.0749969482421875
37_6	0.07326817512512207	0.08596467971801758
37_7	0.07368993759155273	0.07946634292602539
38_0	0.01173853874206543	0.017515897750854492
38_1	-1.0	0.01721978187561035
38_2	-1.0	0.017157316207885742
38_3	-1.0	0.016906261444091797
38_4	0.014111757278442383	0.017645597457885742
38_5	0.011883974075317383	0.01719188690185547
39_0	0.2784740924835205	0.04051065444946289
39_1	0.19636297225952148	0.04333901405334473
39_2	0.025894641876220703	0.05297708511352539
40_0	0.009192943572998047	0.008902549743652344
40_1	0.009122848510742188	0.008522272109985352
40_2	0.008634090423583984	0.008574247360229492
40_3	0.009150266647338867	0.009128332138061523
40_4	0.00894474983215332	0.008799076080322266
40_5	0.008505105972290039	0.008578777313232422
41_0	0.008554697036743164	0.00878763198852539
41_1	0.008556127548217773	0.00890350341796875
41_2	0.00864720344543457	0.009152650833129883
41_3	0.001399993896484375	0.009054899215698242
42_0	0.00896453857421875	0.00910186767578125
42_1	0.012380123138427734	0.008948802947998047
42_2	0.0014438629150390625	0.009469032287597656
43_0	0.06361603736877441	0.14824509620666504
43_1	0.2782762050628662	0.2191028594970703
43_2	0.12090754508972168	0.2723960876464844
43_3	0.2725493907928467	0.27301740646362305
43_4	0.11353778839111328	0.267833948135376
44_0	0.0002589225769042969	0.0003032684326171875
44_1	0.0002570152282714844	0.0002288818359375
44_2	0.0002765655517578125	0.00023436546325683594
44_3	0.0002551078796386719	0.0002307891845703125
44_4	0.00027108192443847656	0.0002460479736328125
44_5	0.00028395652770996094	0.00024580955505371094
44_6	0.00027441978454589844	0.0002391338348388672
45_0	-1.0	0.0297238826751709
45_1	0.014974832534790039	0.028344154357910156
45_2	0.015136241912841797	0.029135465621948242
45_3	0.0215451717376709	0.030025243759155273
46_0	0.020704030990600586	0.05407285690307617
46_1	0.07298707962036133	0.04652523994445801
46_2	0.101654052734375	0.06005263328552246
46_3	0.017468929290771484	0.04844212532043457
46_4	0.0003180503845214844	0.04808974266052246
47_0	0.11876463890075684	0.12424921989440918
47_1	0.0649721622467041	0.12424850463867188
47_2	0.06323838233947754	0.06435990333557129
47_3	0.06261682510375977	0.06837964057922363
47_4	0.0614771842956543	0.06600475311279297
47_5	0.062012672424316406	0.06293320655822754
47_6	0.06294488906860352	0.06153559684753418
47_7	0.06161999702453613	0.0696256160736084
47_8	0.06150054931640625	0.06586861610412598
48_0	0.07635354995727539	0.05940556526184082
48_1	0.05947279930114746	0.060811758041381836
48_2	0.06384801864624023	0.06374001502990723
48_3	0.0656123161315918	0.06195211410522461
48_4	0.062093257904052734	0.0602574348449707
48_5	0.06344461441040039	0.06119370460510254
48_6	0.06183767318725586	0.0635688304901123
48_7	0.061150312423706055	0.06342625617980957
48_8	0.06572818756103516	0.06117820739746094
49_0	0.0641775131225586	0.06588459014892578
49_1	0.31244874000549316	0.07030844688415527
49_2	0.061623573303222656	0.06602883338928223
49_3	-1.0	0.07388710975646973
49_4	-1.0	0.06458044052124023
49_5	-1.0	0.06569409370422363
50_0	0.1465463638305664	0.0640256404876709
50_1	0.16475462913513184	0.06906509399414062
50_2	0.08175802230834961	0.07346963882446289
50_3	0.16857385635375977	0.07234859466552734
50_4	0.15595197677612305	0.06495547294616699
50_5	0.16376566886901855	0.0651235580444336
50_6	0.16176652908325195	0.06734180450439453
50_7	0.15565252304077148	0.06878089904785156
50_8	0.17104101181030273	0.06717634201049805
50_9	0.07535719871520996	0.06541275978088379
51_0	0.0001685619354248047	0.00019788742065429688
51_1	0.010460853576660156	0.0001494884490966797
51_2	0.013821125030517578	0.00014281272888183594
51_3	0.0001575946807861328	0.0001480579376220703
51_4	0.00020503997802734375	0.0001678466796875
51_5	0.00023031234741210938	0.00017452239990234375
51_6	0.014403343200683594	0.00015592575073242188
51_7	0.00022649765014648438	0.00015735626220703125
51_8	0.0001895427703857422	0.0001480579376220703
51_9	0.00017833709716796875	0.0001971721649169922
51_10	0.00997781753540039	0.0001590251922607422
52_0	0.00019860267639160156	0.0001780986785888672
52_1	0.0002512931823730469	0.00018286705017089844
52_2	0.00020885467529296875	0.00022459030151367188
52_3	0.0002951622009277344	0.00019431114196777344
52_4	0.00019812583923339844	0.00021886825561523438
52_5	0.00020313262939453125	0.0001850128173828125
52_6	0.0001842975616455078	0.0002448558807373047
52_7	0.02024531364440918	0.0001819133758544922
53_0	0.062377214431762695	0.07036399841308594
53_1	0.0658571720123291	0.0665278434753418
53_2	0.11645817756652832	0.06934404373168945
53_3	0.12377595901489258	0.1165456771850586
53_4	0.11386799812316895	0.1148841381072998
53_5	0.1255037784576416	0.12605023384094238
53_6	0.12171006202697754	0.11016964912414551
53_7	0.15131711959838867	0.11341118812561035
53_8	0.1322648525238037	0.11792826652526855
53_9	0.13013720512390137	0.11947369575500488
53_10	0.06249094009399414	0.1081533432006836
53_11	0.06517767906188965	0.06613492965698242
53_12	0.06272697448730469	0.06448554992675781
53_13	0.07503104209899902	0.06738471984863281
54_0	1.819455862045288	0.39817094802856445
54_1	-1.0	0.41113829612731934
54_2	31.0	0.40012431144714355
54_3	0.12820863723754883	0.756232500076294
54_4	-1.0	0.7627179622650146
55_0	-1.0	0.9331190586090088
55_1	0.34540653228759766	1.4351816177368164
55_2	0.35463929176330566	1.528937578201294
55_3	1.7019083499908447	0.8520259857177734
55_4	0.2944984436035156	0.846036434173584
56_0	0.030295372009277344	0.000202178955078125
56_1	0.00021791458129882812	0.00021886825561523438
56_2	0.029755830764770508	0.0002980232238769531
56_3	0.016134262084960938	0.00019025802612304688
57_0	-1.0	0.6725959777832031
57_1	-1.0	0.6539826393127441
57_2	-1.0	0.6609349250793457
57_3	-1.0	0.6856427192687988
57_4	-1.0	0.6741478443145752
57_5	0.17981719970703125	0.7822470664978027
57_6	-1.0	1.0320086479187012
57_7	-1.0	1.070101022720337
57_8	-1.0	1.135796070098877
57_9	-1.0	0.6685328483581543
57_10	-1.0	0.6591885089874268
57_11	-1.0	0.666820764541626
57_12	0.14032363891601562	0.6798386573791504
57_13	0.14233851432800293	0.6624350547790527
57_14	-1.0	0.6664631366729736
57_15	-1.0	0.6791369915008545
57_16	0.13825106620788574	0.6657865047454834
57_17	-1.0	0.6819360256195068
57_18	0.16316795349121094	0.6774392127990723
57_19	0.2521402835845947	0.6681201457977295
57_20	0.9962201118469238	1.0416622161865234
57_21	-1.0	1.2910075187683105
57_22	-1.0	0.6609430313110352
57_23	-1.0	0.6855120658874512
57_24	-1.0	0.6747109889984131
57_25	-1.0	0.6668055057525635
58_0	0.016281604766845703	0.3246433734893799
58_1	0.17546701431274414	0.32665205001831055
58_2	0.13701272010803223	0.35140323638916016
58_3	0.0157473087310791	0.3237745761871338
58_4	0.016219615936279297	0.34218883514404297
58_5	0.01648092269897461	0.3292205333709717
58_6	0.19474363327026367	0.338489294052124
59_0	0.015448331832885742	0.016685009002685547
59_1	0.015838146209716797	0.01530313491821289
59_2	0.015796899795532227	0.015569448471069336
59_3	0.015182733535766602	0.01536250114440918
59_4	0.015368223190307617	0.019074440002441406
59_5	0.01638197898864746	0.015506744384765625
59_6	0.017720699310302734	0.015302658081054688
59_7	0.018397092819213867	0.016134023666381836
59_8	0.01526021957397461	0.020098209381103516
59_9	0.019067049026489258	0.01530599594116211
59_10	0.016135692596435547	0.020146846771240234
59_11	0.017791748046875	0.016252517700195312
59_12	0.015214204788208008	0.015206098556518555
59_13	0.026604413986206055	0.015352249145507812
59_14	0.015202760696411133	0.016556501388549805
59_15	0.015956640243530273	0.01529550552368164
59_16	0.32717084884643555	0.020229578018188477
60_0	0.00019860267639160156	0.00020694732666015625
60_1	0.00021266937255859375	0.00018477439880371094
60_2	0.0002224445343017578	0.00017547607421875
60_3	0.00023603439331054688	0.00018668174743652344
60_4	0.16097521781921387	0.00021791458129882812
60_5	0.0001952648162841797	0.0001900196075439453
60_6	0.0002002716064453125	0.0001888275146484375
60_7	0.0015876293182373047	0.000186920166015625
60_8	0.23299551010131836	0.00018739700317382812
60_9	0.283858060836792	0.0002071857452392578
60_10	0.0002186298370361328	0.0001971721649169922
60_11	0.00022459030151367188	0.0002009868621826172
60_12	0.00021147727966308594	0.0002110004425048828
60_13	0.2751619815826416	0.0001964569091796875
60_14	0.31917905807495117	0.00020742416381835938
60_15	0.3001575469970703	0.00020837783813476562
60_16	0.00021791458129882812	0.00018525123596191406
60_17	0.00019860267639160156	0.00036144256591796875
61_0	0.16260671615600586	0.16851568222045898
61_1	0.14583659172058105	0.12981891632080078
61_2	0.141693115234375	0.1300508975982666
61_3	0.1463775634765625	0.1296699047088623
61_4	0.14676880836486816	0.12876558303833008
61_5	0.1548328399658203	0.1309814453125
61_6	0.13524699211120605	0.14400959014892578
61_7	0.14823246002197266	0.13801169395446777
61_8	0.14535093307495117	0.12943410873413086
61_9	0.1429281234741211	0.1442704200744629
61_10	0.1385350227355957	0.135878324508667
61_11	0.14246201515197754	0.13126826286315918
61_12	0.1420285701751709	0.14427947998046875
61_13	0.14208340644836426	0.13332056999206543
61_14	0.13999295234680176	0.12859678268432617
61_15	0.14043784141540527	0.14657187461853027
61_16	0.16360020637512207	0.12955570220947266
61_17	0.19194960594177246	0.1327226161956787
61_18	0.128770112991333	0.13343596458435059
61_19	0.172349214553833	0.1294403076171875
61_20	0.24492835998535156	0.13065838813781738
61_21	0.1341567039489746	0.12876105308532715
61_22	0.16146254539489746	0.127122163772583
61_23	0.1506805419921875	0.13048553466796875
62_0	0.1063382625579834	0.07530045509338379
62_1	0.14499735832214355	0.0820465087890625
62_2	0.15701603889465332	0.11498570442199707
62_3	0.08713054656982422	0.08136248588562012
62_4	0.0759592056274414	0.08107328414916992
62_5	0.07716917991638184	0.07900428771972656
62_6	0.19776415824890137	0.07964015007019043
62_7	0.18002986907958984	0.09460234642028809
63_0	0.00021719932556152344	0.0002105236053466797
63_1	0.037851572036743164	0.00020503997802734375
63_2	0.00021767616271972656	0.00022745132446289062
63_3	0.00021266937255859375	0.00020837783813476562
63_4	0.0002110004425048828	0.00018715858459472656
63_5	0.05324721336364746	0.00020885467529296875
63_6	0.00024580955505371094	0.00020766258239746094
63_7	0.05611133575439453	0.00017976760864257812
63_8	0.02610468864440918	0.00019550323486328125
63_9	0.00022602081298828125	0.0002090930938720703
63_10	0.030549287796020508	0.0003306865692138672
63_11	0.11687588691711426	0.00019979476928710938
64_0	0.034191131591796875	0.03954911231994629
64_1	0.03904438018798828	0.03894400596618652
64_2	0.029718399047851562	0.03064417839050293
64_3	0.029282808303833008	0.03482365608215332
64_4	0.027688264846801758	0.038292646408081055
64_5	0.038893699645996094	0.03020954132080078
65_0	0.027540922164916992	0.0824131965637207
65_1	0.038832664489746094	0.0733644962310791
65_2	0.0334322452545166	0.07808208465576172
65_3	0.03400468826293945	0.0698387622833252
65_4	0.027300596237182617	0.039250850677490234
65_5	0.047826290130615234	0.07058191299438477
66_0	0.03271794319152832	0.03140974044799805
66_1	0.02822589874267578	0.02476191520690918
66_2	0.043066978454589844	0.03299975395202637
66_3	0.03173065185546875	0.03164982795715332
66_4	0.03418755531311035	0.026895761489868164
66_5	0.025542497634887695	0.038202524185180664
66_6	0.0165402889251709	0.02355194091796875
66_7	0.0170290470123291	0.016668319702148438
66_8	0.01774764060974121	0.017096519470214844
66_9	0.0169985294342041	0.022001266479492188
66_10	0.017134904861450195	0.016542673110961914
67_0	0.01757192611694336	0.0251007080078125
67_1	0.0179293155670166	0.018621444702148438
67_2	0.025590896606445312	0.01759195327758789
67_3	0.02559947967529297	0.01784539222717285
67_4	0.030524015426635742	0.019008874893188477
67_5	0.02150583267211914	0.01770925521850586
67_6	0.018198490142822266	0.018777847290039062
67_7	0.017400741577148438	0.018110275268554688
67_8	0.01762533187866211	0.018465280532836914
67_9	0.017457962036132812	0.017485618591308594
68_0	0.02940535545349121	0.037754058837890625
68_1	0.0300443172454834	0.024989843368530273
68_2	0.036002397537231445	0.02568674087524414
68_3	0.029208898544311523	0.026262760162353516
68_4	0.029066085815429688	0.02572488784790039
68_5	0.029213428497314453	0.032204389572143555
68_6	0.030364990234375	0.025892972946166992
68_7	0.02942633628845215	0.024630069732666016
68_8	0.05321860313415527	0.0273895263671875
68_9	0.030791759490966797	0.03672146797180176
69_0	0.019590139389038086	0.021945476531982422
69_1	0.018454790115356445	0.025691986083984375
69_2	0.019234657287597656	0.020978212356567383
69_3	0.022246599197387695	0.021484375
69_4	0.0184934139251709	0.019599437713623047
69_5	0.0197906494140625	0.019546985626220703
69_6	0.02170085906982422	0.02083134651184082
69_7	0.07819461822509766	0.019753694534301758
70_0	0.018126487731933594	0.02142190933227539
70_1	0.01880931854248047	0.01995539665222168
70_2	0.023932218551635742	0.032463788986206055
70_3	0.018676042556762695	0.03795623779296875
70_4	0.021612167358398438	0.022151947021484375
70_5	0.018072843551635742	0.01939868927001953
70_6	0.018611907958984375	0.01973414421081543
70_7	0.1703968048095703	0.019637584686279297
71_0	0.1289055347442627	0.12515020370483398
71_1	0.11284565925598145	0.12001895904541016
71_2	0.11773991584777832	0.12461614608764648
71_3	0.11559224128723145	0.12113380432128906
71_4	0.1141209602355957	0.11587309837341309
71_5	0.11981916427612305	0.12188887596130371
72_0	0.11850285530090332	0.144575834274292
72_1	0.1281719207763672	0.1492013931274414
72_2	0.11899328231811523	0.14834952354431152
72_3	0.15026545524597168	0.15246033668518066
72_4	0.2307450771331787	0.19738388061523438
73_0	0.004115581512451172	0.006171226501464844
73_1	0.004018545150756836	0.01023101806640625
73_2	0.003728628158569336	0.0033452510833740234
73_3	0.0036618709564208984	0.0031456947326660156
73_4	0.028918027877807617	0.006214618682861328
73_5	0.003821849822998047	0.003167390823364258
73_6	0.003991127014160156	0.0032796859741210938
73_7	0.003966569900512695	0.003275156021118164
73_8	0.00396275520324707	0.003293752670288086
74_0	0.005269765853881836	0.0031332969665527344
74_1	0.003294229507446289	0.008156776428222656
74_2	0.0033011436462402344	0.003287076950073242
74_3	0.00940704345703125	0.003290891647338867
74_4	0.003551006317138672	0.0030405521392822266
74_5	0.004041433334350586	0.012134552001953125
74_6	0.003966569900512695	0.0033147335052490234
74_7	0.004589080810546875	0.003285646438598633
74_8	0.0076122283935546875	0.0057027339935302734
74_9	0.004165172576904297	0.0031855106353759766
75_0	0.00026226043701171875	0.00022149085998535156
75_1	0.0002288818359375	0.00022864341735839844
75_2	0.00023674964904785156	0.00025463104248046875
75_3	0.00023818016052246094	0.00024199485778808594
75_4	0.00023627281188964844	0.0002377033233642578
75_5	0.07436513900756836	0.0003223419189453125
75_6	0.033104658126831055	0.0002262592315673828
75_7	0.028858184814453125	0.00023555755615234375
76_0	0.14434337615966797	0.13589882850646973
76_1	0.16553378105163574	0.14708614349365234
76_2	0.14305424690246582	0.13718938827514648
76_3	0.1412031650543213	0.1398916244506836
76_4	0.14483261108398438	0.14147615432739258
76_5	0.14606189727783203	0.14238905906677246
76_6	0.16607928276062012	0.13547110557556152
76_7	0.1439061164855957	0.13818573951721191
76_8	0.14023208618164062	0.1384580135345459
76_9	0.1411433219909668	0.16054058074951172
76_10	0.14389729499816895	0.13833999633789062
76_11	0.14645791053771973	0.13449430465698242
77_0	0.14605474472045898	0.2628035545349121
77_1	0.1483592987060547	0.24519586563110352
77_2	0.14780879020690918	0.24436020851135254
77_3	0.1718909740447998	0.24129152297973633
77_4	0.14185690879821777	0.2432260513305664
77_5	0.1367204189300537	0.2617802619934082
77_6	0.14227008819580078	0.25326967239379883
77_7	0.15021753311157227	0.2616748809814453
77_8	0.14224672317504883	0.24552249908447266
77_9	0.44211864471435547	0.2729823589324951
77_10	0.2632882595062256	0.4829232692718506
78_0	0.03562355041503906	0.05937790870666504
78_1	0.03486967086791992	0.035918474197387695
78_2	0.0326237678527832	0.031149864196777344
78_3	0.023864269256591797	0.035886526107788086
78_4	0.024303674697875977	0.03014230728149414
78_5	0.17057180404663086	0.017806053161621094
78_6	0.04095292091369629	0.04022073745727539
79_0	0.05176877975463867	0.04773068428039551
79_1	0.07189464569091797	0.02569437026977539
79_2	0.06766939163208008	0.0359041690826416
79_3	0.03608441352844238	0.028229713439941406
79_4	0.07135534286499023	0.027972698211669922
79_5	0.05940747261047363	0.03545022010803223
79_6	0.07964849472045898	0.04569530487060547
79_7	0.07340073585510254	0.038108110427856445
79_8	0.07679271697998047	0.044841766357421875
79_9	0.07149791717529297	0.04419851303100586
79_10	0.43570899963378906	0.05153179168701172
80_0	0.11866569519042969	0.22234797477722168
80_1	0.14832091331481934	0.11580801010131836
80_2	0.12552618980407715	0.11690282821655273
80_3	0.11932063102722168	0.13599514961242676
80_4	0.11278796195983887	0.11325907707214355
80_5	0.11720848083496094	0.11318469047546387
80_6	0.12009549140930176	0.1120460033416748
80_7	0.12194395065307617	0.11743712425231934
80_8	0.11381936073303223	0.1227257251739502
80_9	0.12581467628479004	0.11435866355895996
80_10	0.12039780616760254	0.11919522285461426
81_0	0.10638022422790527	0.11158871650695801
81_1	0.10671639442443848	0.11115694046020508
81_2	0.12532591819763184	0.11232614517211914
81_3	0.10370254516601562	0.10947465896606445
81_4	0.10731911659240723	0.10518383979797363
81_5	0.10657215118408203	0.1103677749633789
81_6	0.10699272155761719	0.11271476745605469
81_7	0.11297035217285156	0.10804247856140137
82_0	0.00021529197692871094	0.0002090930938720703
82_1	0.00020766258239746094	0.00019693374633789062
82_2	0.0002486705780029297	0.0001888275146484375
82_3	0.00021076202392578125	0.00020456314086914062
82_4	0.0002315044403076172	0.00019216537475585938
83_0	0.03378558158874512	0.030462265014648438
83_1	0.030443191528320312	0.03206586837768555
83_2	0.036051034927368164	0.03012990951538086
83_3	0.030285358428955078	0.031659841537475586
83_4	0.030426025390625	0.05122017860412598
83_5	0.03065037727355957	0.03140544891357422
83_6	0.039238929748535156	0.030570268630981445
83_7	0.030659198760986328	0.034638166427612305
83_8	0.030237197875976562	0.030106306076049805
84_0	0.03019261360168457	0.030663490295410156
84_1	0.035611867904663086	0.031884193420410156
84_2	0.02435898780822754	0.029978036880493164
85_0	0.21455645561218262	0.00023317337036132812
85_1	0.00020194053649902344	0.0001990795135498047
85_2	0.00021576881408691406	0.0001823902130126953
85_3	0.17676615715026855	0.00018358230590820312
85_4	0.029115915298461914	0.00018167495727539062
86_0	0.08134698867797852	0.09310555458068848
86_1	0.045867204666137695	0.09639286994934082
86_2	0.04051327705383301	0.09283089637756348
86_3	0.0002334117889404297	0.09494948387145996
86_4	0.08996987342834473	0.09411740303039551
86_5	0.00022983551025390625	0.10004925727844238
86_6	0.07436943054199219	0.10095810890197754
86_7	0.040290117263793945	0.11660027503967285
86_8	0.039156436920166016	0.09998965263366699
86_9	0.05072450637817383	0.09304165840148926
87_0	0.00022482872009277344	0.00020170211791992188
87_1	0.00023317337036132812	0.00020456314086914062
87_2	0.0002105236053466797	0.0002193450927734375
87_3	0.00021600723266601562	0.00022864341735839844
87_4	0.0002346038818359375	0.00020551681518554688
87_5	0.00025463104248046875	0.00023293495178222656
87_6	0.00023221969604492188	0.00020265579223632812
87_7	0.017323970794677734	0.00024509429931640625
88_0	0.14242792129516602	0.11635518074035645
88_1	0.12031793594360352	0.1279735565185547
88_2	0.025928974151611328	0.12007474899291992
88_3	0.00018668174743652344	0.12793850898742676
88_4	0.2218315601348877	0.15386581420898438
88_5	0.021408796310424805	0.12303352355957031
88_6	0.022621631622314453	0.12538814544677734
88_7	0.02283191680908203	0.12611627578735352
88_8	0.027509212493896484	0.13817358016967773
88_9	0.00020384788513183594	0.12380313873291016
89_0	-1.0	0.15816807746887207
89_1	0.017188549041748047	0.15711760520935059
89_2	-1.0	0.15900897979736328
89_3	0.01999378204345703	0.17682814598083496
89_4	0.017351388931274414	0.15464115142822266
89_5	0.03558468818664551	0.1492316722869873
89_6	0.0003273487091064453	0.15279316902160645
90_0	0.17092084884643555	0.17229723930358887
90_1	0.37894606590270996	0.1665356159210205
90_2	0.3673670291900635	0.18614792823791504
90_3	0.11888289451599121	0.16973114013671875
90_4	0.37698841094970703	0.18389606475830078
90_5	0.5598318576812744	0.17865753173828125
90_6	0.5847156047821045	0.3285691738128662
90_7	0.5552902221679688	0.25121402740478516
90_8	0.35533785820007324	0.35016560554504395
90_9	0.18098711967468262	0.35017824172973633
90_10	0.10235428810119629	0.18121790885925293
91_0	0.16353321075439453	0.3238992691040039
91_1	0.16345906257629395	0.33644819259643555
91_2	0.16326165199279785	0.3127753734588623
91_3	0.16670799255371094	0.3330819606781006
91_4	0.1697995662689209	0.3303563594818115
92_0	0.02257823944091797	0.04190635681152344
92_1	0.022525548934936523	0.03158402442932129
92_2	0.022904396057128906	0.03159666061401367
93_0	0.022125244140625	0.046686410903930664
93_1	0.03191685676574707	0.022460460662841797
93_2	0.022539138793945312	0.022612810134887695
93_3	0.02231454849243164	0.022216081619262695
93_4	0.018425464630126953	0.023453474044799805
94_0	0.016704082489013672	0.02272176742553711
94_1	0.01607036590576172	0.021776437759399414
94_2	0.017580270767211914	0.02311873435974121
94_3	0.01573777198791504	0.021776199340820312
94_4	0.016465425491333008	0.021537065505981445
94_5	0.0166165828704834	0.02230381965637207
94_6	0.01978778839111328	0.02498340606689453
94_7	0.0327455997467041	0.021613597869873047
94_8	0.03510141372680664	0.02216053009033203
95_0	0.03644514083862305	0.03654766082763672
95_1	0.04114174842834473	0.0367579460144043
95_2	0.03644204139709473	0.04099702835083008
95_3	0.0002498626708984375	0.03730654716491699
96_0	0.08637309074401855	0.024425506591796875
96_1	0.02499842643737793	0.025562047958374023
96_2	0.032309770584106445	0.025077104568481445
96_3	0.027504682540893555	0.03328204154968262
96_4	0.024207115173339844	0.02537250518798828
96_5	0.02382636070251465	0.023956298828125
96_6	0.12647581100463867	0.02520012855529785
97_0	0.0003108978271484375	0.0003581047058105469
97_1	0.01716160774230957	0.00033020973205566406
97_2	0.0003151893615722656	0.00031948089599609375
97_3	0.0003237724304199219	0.0003619194030761719
97_4	0.017310619354248047	0.0003561973571777344
97_5	0.00034332275390625	0.0003247261047363281
97_6	0.00031304359436035156	0.0002970695495605469
97_7	0.00031757354736328125	0.0003006458282470703
98_0	0.13475632667541504	0.14329266548156738
98_1	0.11950945854187012	0.12837624549865723
98_2	0.14468765258789062	0.12605595588684082
98_3	0.12296867370605469	0.12706208229064941
98_4	0.14467883110046387	0.1235206127166748
98_5	0.11842894554138184	0.12927818298339844
98_6	0.13892054557800293	0.12219071388244629
98_7	0.12057757377624512	0.12137579917907715
99_0	0.00031447410583496094	0.13140869140625
99_1	0.0003268718719482422	0.12940764427185059
99_2	0.13323688507080078	0.13431906700134277
99_3	0.07106351852416992	0.16841578483581543
99_4	0.11921477317810059	0.15231752395629883
99_5	0.23660039901733398	0.24117088317871094
99_6	0.07711434364318848	0.12044072151184082
99_7	0.029688119888305664	0.2460639476776123
100_0	31.0	0.20264220237731934
100_1	0.5452642440795898	0.31879711151123047
100_2	0.18544435501098633	0.1234591007232666
100_3	0.48937511444091797	0.16763687133789062
100_4	0.12531638145446777	0.19477295875549316
100_5	0.3951282501220703	0.14311528205871582
100_6	0.16508221626281738	0.24582266807556152
100_7	0.16913819313049316	0.12352633476257324
101_0	0.3365793228149414	0.2892763614654541
101_1	-1.0	0.23386073112487793
101_2	0.3288567066192627	0.35067224502563477
101_3	0.31697821617126465	0.402956485748291
101_4	-1.0	0.41826891899108887
101_5	1.355034589767456	0.38970065116882324
101_6	1.5960991382598877	0.5789906978607178
102_0	0.013712882995605469	0.035144805908203125
102_1	0.012933492660522461	0.01253962516784668
102_2	0.06042909622192383	0.012494325637817383
102_3	0.026019573211669922	0.036119699478149414
102_4	0.019878625869750977	0.02078986167907715
102_5	0.02187061309814453	0.020103931427001953
102_6	0.0232088565826416	0.03741312026977539
102_7	0.024978160858154297	0.020238876342773438
103_0	0.02424144744873047	0.026833295822143555
103_1	0.011493444442749023	0.01216888427734375
103_2	0.011904478073120117	0.012649297714233398
103_3	0.012227296829223633	0.019753217697143555
103_4	0.021976947784423828	0.011606454849243164
103_5	0.029361486434936523	0.012258768081665039
103_6	0.019467592239379883	0.011751651763916016
103_7	0.0006074905395507812	0.011728525161743164
104_0	0.17496180534362793	0.25785040855407715
104_1	0.2423245906829834	0.1781630516052246
104_2	0.11823892593383789	0.28648948669433594
104_3	0.1168210506439209	0.2565445899963379
104_4	0.11607098579406738	0.24461627006530762
104_5	0.11664724349975586	0.28800106048583984
104_6	0.25153183937072754	0.31696105003356934
104_7	0.22649836540222168	0.18298101425170898
105_0	0.016782522201538086	0.00036406517028808594
105_1	0.0002167224884033203	0.00020503997802734375
105_2	0.022579431533813477	0.00020360946655273438
105_3	0.26836395263671875	0.00020122528076171875
105_4	0.029350996017456055	0.00029730796813964844
105_5	0.000240325927734375	0.000240325927734375
106_0	0.23309659957885742	0.14714431762695312
106_1	0.12820219993591309	0.13501501083374023
106_2	0.15474843978881836	0.14200234413146973
106_3	0.14757895469665527	0.14797115325927734
106_4	0.11471390724182129	0.12036705017089844
106_5	0.1368420124053955	0.16043400764465332
106_6	0.32062673568725586	0.15735268592834473
107_0	0.31459546089172363	0.3007946014404297
107_1	0.26957082748413086	0.26294541358947754
107_2	0.312511682510376	0.318439245223999
107_3	0.29718995094299316	0.26047658920288086
107_4	0.148176908493042	0.19026446342468262
107_5	0.17728257179260254	0.09977936744689941
107_6	0.021382570266723633	0.10167860984802246
108_0	0.017000436782836914	0.03534364700317383
108_1	0.02226877212524414	0.017177581787109375
108_2	0.017555713653564453	0.01869344711303711
108_3	0.01758432388305664	0.02417922019958496
108_4	0.04414963722229004	0.018053531646728516
108_5	0.019643068313598633	0.024231672286987305
108_6	0.03275585174560547	0.025246620178222656
108_7	0.027916669845581055	0.02941155433654785
109_0	-1.0	0.09239387512207031
109_1	18.7993483543396	0.088348388671875
109_2	-1.0	0.0910789966583252
109_3	0.05294537544250488	0.15288543701171875
109_4	0.30570197105407715	0.15053725242614746
109_5	0.02765941619873047	0.1710054874420166
109_6	0.05364036560058594	0.17831707000732422
109_7	0.6432647705078125	0.1667957305908203
110_0	0.0002186298370361328	0.00034499168395996094
110_1	0.0003345012664794922	0.00023293495178222656
110_2	0.00020933151245117188	0.00019884109497070312
110_3	0.00021529197692871094	0.00023436546325683594
110_4	0.00024199485778808594	0.00021338462829589844
110_5	0.0002186298370361328	0.00021314620971679688
110_6	0.046179771423339844	0.0002224445343017578
111_0	0.23158574104309082	0.25908327102661133
111_1	0.16944146156311035	0.2835085391998291
111_2	0.3025681972503662	0.3336775302886963
111_3	0.27728986740112305	0.26151466369628906
111_4	0.11026859283447266	0.1246945858001709
111_5	0.14603018760681152	0.10561418533325195
111_6	0.1233832836151123	0.10034561157226562
112_0	0.16417479515075684	0.19593095779418945
112_1	0.17295145988464355	0.1733243465423584
112_2	0.16467976570129395	0.17186212539672852
112_3	0.17252373695373535	0.2060108184814453
112_4	0.11264967918395996	0.17120695114135742
112_5	0.0003113746643066406	0.2155165672302246
113_0	0.04176950454711914	0.07058954238891602
113_1	0.8371360301971436	0.09247279167175293
113_2	0.00025343894958496094	0.0806417465209961
113_3	0.015330791473388672	0.08267521858215332
113_4	0.00022029876708984375	0.07308840751647949
113_5	0.12491202354431152	0.06832194328308105
114_0	0.03264641761779785	0.190277099609375
114_1	0.01432943344116211	0.16695356369018555
114_2	0.020987510681152344	0.16588139533996582
114_3	0.03072071075439453	0.15156078338623047
114_4	0.014375925064086914	0.1437535285949707
114_5	0.014928579330444336	0.1305077075958252
114_6	0.07151985168457031	0.1731550693511963
115_0	0.260936975479126	0.2421121597290039
115_1	0.029978036880493164	0.2341771125793457
115_2	0.033859968185424805	0.21172022819519043
115_3	-1.0	0.43155956268310547
115_4	-1.0	0.414095401763916
115_5	0.21965479850769043	0.507434606552124
115_6	0.05809378623962402	0.26891088485717773
116_0	0.029690980911254883	0.031716108322143555
116_1	0.015997648239135742	0.016527414321899414
116_2	0.015680551528930664	0.015424013137817383
116_3	0.040018558502197266	0.015391826629638672
116_4	0.01600790023803711	0.015318155288696289
116_5	0.01504206657409668	0.01526784896850586
116_6	0.016245365142822266	0.015720605850219727
116_7	0.015120744705200195	0.015304088592529297
117_0	0.40749025344848633	0.022336244583129883
117_1	0.669048547744751	0.03428459167480469
117_2	0.4506964683532715	0.03255510330200195
117_3	0.018185853958129883	0.024679183959960938
117_4	0.02280592918395996	0.022612810134887695
117_5	0.6137125492095947	0.043993234634399414
118_0	0.11402726173400879	0.22718191146850586
118_1	0.12243914604187012	0.15216350555419922
118_2	0.13196945190429688	0.15852832794189453
118_3	0.12463068962097168	0.16553902626037598
118_4	0.19174695014953613	0.17643022537231445
118_5	0.18901920318603516	0.16977691650390625
118_6	0.11444568634033203	0.17590928077697754
118_7	0.3102402687072754	0.1761336326599121
119_0	0.0490567684173584	0.05159401893615723
119_1	0.04078245162963867	0.04308438301086426
119_2	0.05672764778137207	0.02443552017211914
119_3	0.06235051155090332	0.04651594161987305
119_4	0.045984506607055664	0.06184887886047363
119_5	0.04270339012145996	0.049559831619262695
119_6	0.025453567504882812	0.05438661575317383
119_7	0.06485271453857422	0.03927040100097656
120_0	0.7871379852294922	0.014678955078125
120_1	0.03478097915649414	0.04522562026977539
120_2	0.7411656379699707	0.037545204162597656
120_3	0.8756489753723145	0.044875144958496094
120_4	0.044753313064575195	0.04525923728942871
120_5	0.03815126419067383	0.05357956886291504
120_6	0.5274033546447754	0.03537297248840332
121_0	0.20602798461914062	0.2094423770904541
121_1	0.11157059669494629	0.1651749610900879
121_2	0.10720396041870117	0.12889456748962402
121_3	0.1106722354888916	0.11049127578735352
121_4	0.1004793643951416	0.10577225685119629
121_5	0.10432958602905273	0.11156725883483887
121_6	0.11453819274902344	0.10493969917297363
122_0	0.12059831619262695	0.14854764938354492
122_1	0.11699557304382324	0.11978912353515625
122_2	0.06775164604187012	0.12709307670593262
122_3	0.06567525863647461	0.06748342514038086
122_4	0.061150550842285156	0.06970930099487305
122_5	0.05819582939147949	0.06308722496032715
122_6	0.06213068962097168	0.07650566101074219
123_0	0.020165681838989258	0.020297527313232422
123_1	0.020112276077270508	0.019635915756225586
123_2	0.02637791633605957	0.020245790481567383
123_3	0.019276857376098633	0.019575119018554688
123_4	0.019688844680786133	0.02007126808166504
123_5	0.019488096237182617	0.0211641788482666
123_6	0.021422386169433594	0.019613265991210938
123_7	0.02112889289855957	0.02253890037536621
123_8	0.013639211654663086	0.01944136619567871
124_0	0.00022864341735839844	0.0001552104949951172
124_1	0.0001633167266845703	0.00022172927856445312
124_2	0.0002200603485107422	0.00014138221740722656
124_3	0.0001938343048095703	0.00013828277587890625
124_4	0.00016069412231445312	0.00014162063598632812
124_5	0.0001659393310546875	0.0001895427703857422
124_6	0.03678250312805176	0.0001437664031982422
124_7	0.00018787384033203125	0.00014734268188476562
125_0	0.0881342887878418	0.07515215873718262
125_1	0.07729363441467285	0.07462167739868164
125_2	0.08157634735107422	0.07707715034484863
125_3	0.07776355743408203	0.07431793212890625
125_4	0.08194804191589355	0.0924673080444336
125_5	0.07686233520507812	0.07814502716064453
125_6	0.07306551933288574	0.07873225212097168
125_7	0.07624006271362305	0.07544064521789551
125_8	0.07422423362731934	0.07893514633178711
126_0	0.008297920227050781	0.033056020736694336
126_1	0.009109020233154297	0.03236675262451172
126_2	0.010409116744995117	0.0479893684387207
126_3	0.00867772102355957	0.03270292282104492
126_4	0.008075714111328125	0.03196883201599121
126_5	0.0924220085144043	0.03692030906677246
126_6	0.08551979064941406	0.03568673133850098
126_7	0.007708072662353516	0.03590679168701172
126_8	0.007821798324584961	0.03329777717590332
127_0	0.026787519454956055	0.00016999244689941406
127_1	-1.0	0.000385284423828125
127_2	-1.0	0.0003325939178466797
127_3	0.0001614093780517578	0.00025534629821777344
127_4	0.00016546249389648438	0.0002048015594482422
127_5	0.0001957416534423828	0.0001442432403564453
127_6	0.024582624435424805	0.00021195411682128906
127_7	0.00018286705017089844	0.00014925003051757812
127_8	0.00017499923706054688	0.00014734268188476562
128_0	0.008845329284667969	0.00953531265258789
128_1	0.010824441909790039	0.008852005004882812
128_2	0.00920557975769043	0.01427459716796875
128_3	0.008924245834350586	0.009510278701782227
128_4	0.009335041046142578	0.00946044921875
128_5	0.008801698684692383	0.009857177734375
128_6	0.009183883666992188	0.008943557739257812
129_0	0.00963139533996582	0.009566783905029297
129_1	0.008428812026977539	0.008645772933959961
129_2	0.008877992630004883	0.008745908737182617
129_3	0.009045839309692383	0.009031295776367188
129_4	0.009081602096557617	0.00927734375
129_5	0.00886988639831543	0.008952617645263672
129_6	0.08146810531616211	0.008746147155761719
129_7	0.009232282638549805	0.010175704956054688
129_8	0.008648395538330078	0.008948564529418945
129_9	0.010864973068237305	0.008844137191772461
130_0	0.06264185905456543	0.06496191024780273
130_1	0.06434130668640137	0.06240081787109375
130_2	0.06200051307678223	0.07376885414123535
130_3	0.1082146167755127	0.06623578071594238
130_4	0.11497020721435547	0.10619783401489258
130_5	0.11977100372314453	0.11652541160583496
130_6	0.11166858673095703	0.11076903343200684
130_7	0.11132669448852539	0.12257981300354004
131_0	0.015885353088378906	0.016948461532592773
131_1	0.0193331241607666	0.014840841293334961
131_2	0.014686107635498047	0.01488637924194336
131_3	0.01721668243408203	0.017236948013305664
132_0	0.11527705192565918	0.1105947494506836
132_1	0.11059713363647461	0.1352095603942871
132_2	0.09930062294006348	0.11406421661376953
132_3	0.08359456062316895	0.10541296005249023
132_4	0.06260848045349121	0.06248736381530762
132_5	0.05759263038635254	0.07033205032348633
133_0	0.021668434143066406	0.1446366310119629
133_1	0.016591310501098633	0.14814352989196777
133_2	0.022017240524291992	0.15183234214782715
133_3	0.0235292911529541	0.15269780158996582
133_4	0.016541242599487305	0.14760994911193848
133_5	0.01694488525390625	0.15002083778381348
133_6	0.019961833953857422	0.14368772506713867
133_7	0.018063068389892578	0.14909863471984863
134_0	0.014754056930541992	0.015688419342041016
134_1	0.014105796813964844	0.014684677124023438
134_2	0.015483379364013672	0.01376795768737793
134_3	0.014248847961425781	0.01430654525756836
134_4	0.01688981056213379	0.014745712280273438
134_5	0.02597951889038086	0.017297029495239258
134_6	0.011666297912597656	0.014107227325439453
134_7	0.011863946914672852	0.013871908187866211
135_0	0.055824995040893555	0.05620169639587402
135_1	0.05641579627990723	0.0640401840209961
135_2	0.055715322494506836	0.057404279708862305
135_3	0.05626988410949707	0.05912613868713379
135_4	0.05613851547241211	0.06780076026916504
135_5	0.0563812255859375	0.055066585540771484
135_6	0.07522130012512207	0.057759761810302734
135_7	0.05733633041381836	0.05696845054626465
135_8	0.05916190147399902	0.056108951568603516
135_9	0.01122903823852539	0.0583038330078125
135_10	0.055402517318725586	0.05506730079650879
136_0	0.00016379356384277344	0.0001423358917236328
136_1	0.00016498565673828125	0.00022125244140625
136_2	0.00015783309936523438	0.00015878677368164062
136_3	0.0002148151397705078	0.00018024444580078125
136_4	0.00016736984252929688	0.0002009868621826172
136_5	0.0001704692840576172	0.00022077560424804688
136_6	0.010242223739624023	0.00014925003051757812
136_7	0.00016307830810546875	0.00014352798461914062
137_0	0.00018334388732910156	0.0002803802490234375
137_1	0.00018644332885742188	0.00017404556274414062
137_2	0.0001747608184814453	0.00015592575073242188
137_3	0.009578227996826172	0.00017070770263671875
137_4	0.00017380714416503906	0.0001518726348876953
137_5	0.00017333030700683594	0.00015425682067871094
137_6	0.00022077560424804688	0.0001628398895263672
137_7	0.009734153747558594	0.00015997886657714844
137_8	0.011395454406738281	0.00015687942504882812
138_0	0.00020885467529296875	0.00018143653869628906
138_1	0.0001938343048095703	0.00015473365783691406
138_2	0.010922670364379883	0.000171661376953125
138_3	0.008363962173461914	0.0003039836883544922
139_0	0.011466503143310547	0.06744384765625
139_1	0.00027680397033691406	0.07146096229553223
139_2	0.012105226516723633	0.07048559188842773
139_3	0.00030994415283203125	0.06638979911804199
139_4	0.00018072128295898438	0.08048605918884277
139_5	0.01163339614868164	0.06620073318481445
139_6	0.00031757354736328125	0.07713460922241211
139_7	0.0003745555877685547	0.09705805778503418
139_8	0.011568784713745117	0.07474994659423828
140_0	0.013500213623046875	0.014702558517456055
140_1	0.01625227928161621	0.013631820678710938
140_2	0.013904094696044922	0.014149188995361328
140_3	0.01873326301574707	0.014002561569213867
140_4	0.0125274658203125	0.014538049697875977
140_5	0.015992164611816406	0.013736724853515625
140_6	0.013195991516113281	0.014193534851074219
140_7	0.01963019371032715	0.01610255241394043
141_0	0.00016617774963378906	0.00014638900756835938
141_1	0.0001552104949951172	0.0001380443572998047
141_2	0.0002162456512451172	0.00022268295288085938
141_3	0.00018024444580078125	0.00018310546875
141_4	0.000152587890625	0.0001850128173828125
141_5	0.00022482872009277344	0.0001289844512939453
141_6	0.00017499923706054688	0.00016021728515625
141_7	0.00015974044799804688	0.00018858909606933594
142_0	0.009529352188110352	0.009122610092163086
142_1	0.012264490127563477	0.014354705810546875
142_2	0.008559465408325195	0.009013175964355469
142_3	0.009650945663452148	0.009012460708618164
142_4	0.058854103088378906	0.00870203971862793
142_5	0.01047825813293457	0.009000062942504883
142_6	0.008523941040039062	0.008817195892333984
142_7	0.008571147918701172	0.008989334106445312
142_8	0.008535146713256836	0.008733272552490234
142_9	0.01049041748046875	0.011050939559936523
142_10	0.010036706924438477	0.008672714233398438
142_11	0.009310483932495117	0.009519100189208984
143_0	0.0001819133758544922	0.00017571449279785156
143_1	0.00015425682067871094	0.0001575946807861328
143_2	0.009392738342285156	0.00014519691467285156
143_3	0.0001709461212158203	0.00013637542724609375
143_4	0.00017070770263671875	0.00012445449829101562
143_5	0.0003712177276611328	0.0001285076141357422
143_6	0.00020647048950195312	0.0001323223114013672
143_7	0.00017070770263671875	0.00013875961303710938
143_8	0.000301361083984375	0.0001423358917236328
143_9	0.000179290771484375	0.00014257431030273438
144_0	0.11742496490478516	0.11075568199157715
144_1	0.13945889472961426	0.11099982261657715
144_2	0.11443376541137695	0.11009764671325684
144_3	0.11771798133850098	0.10940217971801758
144_4	0.1754438877105713	0.11018037796020508
144_5	0.11545443534851074	0.10978960990905762
144_6	0.11437630653381348	0.1127781867980957
144_7	0.13686227798461914	0.10643482208251953
145_0	0.010013341903686523	0.017010211944580078
145_1	0.01899886131286621	0.017202138900756836
145_2	0.00992727279663086	0.027383804321289062
145_3	0.016295433044433594	0.017543792724609375
145_4	0.009902000427246094	0.016950368881225586
145_5	0.016076087951660156	0.016845226287841797
145_6	0.01502084732055664	0.024193286895751953
145_7	0.0174257755279541	0.017586946487426758
145_8	0.017853975296020508	0.016762495040893555
145_9	0.03712010383605957	0.01694345474243164
146_0	0.07878708839416504	0.06783509254455566
146_1	0.09259176254272461	0.07261300086975098
146_2	0.12767601013183594	0.12702202796936035
146_3	0.13994598388671875	0.13294458389282227
146_4	0.1366102695465088	0.13297224044799805
146_5	0.13997793197631836	0.1298367977142334
146_6	0.1320488452911377	0.14311742782592773
146_7	0.22495198249816895	0.12283754348754883
146_8	0.13586187362670898	0.1249234676361084
146_9	0.13055014610290527	0.13647079467773438
147_0	0.021069765090942383	0.02380084991455078
147_1	0.2606821060180664	0.018982410430908203
147_2	0.021853923797607422	0.023632049560546875
147_3	0.019603967666625977	0.020079374313354492
147_4	0.01846146583557129	0.01973128318786621
147_5	0.020524024963378906	0.03346538543701172
147_6	0.020843029022216797	0.023374319076538086
147_7	0.00027489662170410156	0.021300077438354492
147_8	0.01840972900390625	0.018416881561279297
148_0	0.23519396781921387	0.20387530326843262
148_1	0.05550527572631836	0.14278912544250488
148_2	31.0	0.1544051170349121
148_3	0.13909339904785156	0.6214010715484619
148_4	0.8480732440948486	0.6009402275085449
148_5	1.080324649810791	0.24568986892700195
148_6	31.0	0.2543177604675293
148_7	0.822993278503418	0.5100433826446533
148_8	0.8319592475891113	0.5965790748596191
148_9	0.5767397880554199	0.562462568283081
148_10	0.42031288146972656	0.35680055618286133
148_11	0.7333436012268066	0.384488582611084
148_12	0.6448938846588135	0.3280196189880371
148_13	0.13246941566467285	0.501650333404541
148_14	0.09116220474243164	0.3995523452758789
148_15	0.07270288467407227	0.6331381797790527
148_16	0.7586660385131836	0.6088709831237793
149_0	0.32758498191833496	0.396320104598999
149_1	0.2572305202484131	0.29226112365722656
149_2	0.38872814178466797	0.29945874214172363
149_3	0.32192158699035645	0.39394092559814453
149_4	0.2434241771697998	0.29693055152893066
149_5	0.20752882957458496	0.17936444282531738
149_6	0.21484065055847168	0.14281153678894043
149_7	0.12883377075195312	0.19515395164489746
149_8	0.1990070343017578	0.23748326301574707
149_9	0.10963034629821777	0.1706852912902832
149_10	0.14251279830932617	0.12151455879211426
149_11	0.22187376022338867	0.12651729583740234
149_12	0.1752772331237793	0.21299052238464355
149_13	0.11676859855651855	0.1463165283203125
149_14	0.21702170372009277	0.12975311279296875
149_15	0.11659574508666992	0.15689468383789062
149_16	0.10297036170959473	0.14155912399291992
149_17	0.1008608341217041	0.10861992835998535
149_18	0.22164130210876465	0.10868549346923828
149_19	0.19411230087280273	0.296616792678833
149_20	0.12279391288757324	0.20141983032226562
149_21	0.1568920612335205	0.1114957332611084
149_22	0.09664249420166016	0.09843564033508301
149_23	0.21227002143859863	0.10537075996398926
149_24	0.1075592041015625	0.11007022857666016
149_25	0.20203447341918945	0.11748075485229492
149_26	0.12866973876953125	0.17169666290283203
149_27	0.1910243034362793	0.20276713371276855
149_28	0.10745596885681152	0.20637226104736328
149_29	0.2669107913970947	0.19716763496398926
150_0	0.3368821144104004	0.31188011169433594
150_1	0.5337235927581787	0.4969668388366699
150_2	0.32378411293029785	0.5484485626220703
150_3	0.4712250232696533	0.49224328994750977
150_4	0.542783260345459	0.7125225067138672
150_5	0.14950251579284668	0.4050323963165283
151_0	0.0483546257019043	0.0525057315826416
151_1	0.05312538146972656	0.04999375343322754
151_2	0.04675126075744629	0.05612039566040039
151_3	0.044830322265625	0.054028987884521484
151_4	0.049643516540527344	0.0553736686706543
151_5	0.052051544189453125	0.057514190673828125
151_6	0.051016807556152344	0.05610918998718262
152_0	0.029334306716918945	0.033238887786865234
152_1	0.029459714889526367	0.03017115592956543
152_2	0.02928304672241211	0.03216743469238281
152_3	0.02956104278564453	0.02289271354675293
152_4	0.07238650321960449	0.027878522872924805
152_5	0.057596683502197266	0.0498814582824707
152_6	0.03640437126159668	0.04895830154418945
153_0	0.024584293365478516	0.055139780044555664
153_1	0.032793521881103516	0.05042409896850586
153_2	0.04926323890686035	0.04419422149658203
153_3	0.037035226821899414	0.03908228874206543
153_4	0.04566240310668945	0.04649806022644043
153_5	0.021881818771362305	0.02495121955871582
153_6	0.04815053939819336	0.026950359344482422
154_0	0.07106566429138184	0.2165389060974121
154_1	0.00026679039001464844	0.2902400493621826
154_2	0.11895203590393066	0.31418681144714355
154_3	0.0002722740173339844	0.274547815322876
154_4	-1.0	0.19014620780944824
154_5	0.04304099082946777	0.37830424308776855
154_6	0.014495611190795898	0.27286362648010254
155_0	0.04822874069213867	0.06772613525390625
155_1	0.12097668647766113	0.13518500328063965
155_2	0.15356945991516113	0.13887453079223633
155_3	0.057305097579956055	0.12853002548217773
155_4	0.04524064064025879	0.13693785667419434
155_5	0.06737685203552246	0.06553149223327637
155_6	0.0654134750366211	0.06158876419067383
155_7	0.12299084663391113	0.12323856353759766
156_0	0.05031466484069824	0.04876828193664551
156_1	0.05487823486328125	0.036354780197143555
156_2	0.06722164154052734	0.06418037414550781
156_3	0.03510117530822754	0.07454800605773926
156_4	0.030826568603515625	0.04062151908874512
156_5	0.05732274055480957	0.05561256408691406
156_6	0.05316329002380371	0.059876203536987305
156_7	0.02297210693359375	0.07123827934265137
157_0	0.4949982166290283	0.4893636703491211
157_1	0.4552736282348633	0.4559757709503174
157_2	1.0621130466461182	0.8508195877075195
157_3	0.4619324207305908	0.8895881175994873
157_4	-1.0	0.9243190288543701
157_5	-1.0	0.8252055644989014
157_6	0.6410853862762451	0.5782816410064697
157_7	0.4380509853363037	0.6224751472473145
157_8	0.38332271575927734	0.6665604114532471
158_0	0.5529587268829346	0.44550180435180664
158_1	0.40689539909362793	0.5003974437713623
158_2	-1.0	0.5040860176086426
158_3	0.27146172523498535	0.4156813621520996
158_4	0.25305867195129395	0.6381421089172363
158_5	0.18560266494750977	0.4595162868499756
158_6	0.26952028274536133	0.3646247386932373
158_7	0.40587735176086426	0.5650150775909424
159_0	0.06868672370910645	0.328472375869751
159_1	0.06260371208190918	0.43934178352355957
159_2	0.12034201622009277	0.4148588180541992
159_3	0.07150936126708984	0.4773852825164795
159_4	0.0553586483001709	0.32953596115112305
159_5	0.03184056282043457	0.3923525810241699
159_6	0.07819819450378418	0.40857481956481934
159_7	0.08252787590026855	0.4959993362426758
159_8	0.38306689262390137	0.41822266578674316
159_9	0.2871279716491699	0.18215727806091309
159_10	0.035176753997802734	0.14699482917785645
159_11	0.16178107261657715	0.2604198455810547
160_0	0.13978195190429688	0.11005091667175293
160_1	0.1431560516357422	0.11574006080627441
160_2	0.5781679153442383	0.2536752223968506
160_3	0.2242727279663086	0.15742206573486328
160_4	0.14782476425170898	0.2148149013519287
160_5	0.18953514099121094	0.1423814296722412
160_6	0.12626028060913086	0.16387343406677246
160_7	0.18130064010620117	0.14258837699890137
160_8	0.22335028648376465	0.12479257583618164
160_9	0.26798272132873535	0.13367462158203125
160_10	0.18948602676391602	0.17525720596313477
160_11	0.12154507637023926	0.16340851783752441
161_0	0.025634765625	0.02256608009338379
161_1	0.024358034133911133	0.03985595703125
161_2	0.03461933135986328	0.04755258560180664
161_3	0.02935791015625	0.03440284729003906
161_4	0.015618562698364258	0.02342700958251953
161_5	0.018193960189819336	0.026831626892089844
161_6	0.05435514450073242	0.041929006576538086
161_7	0.02887415885925293	0.0424954891204834
161_8	0.041703224182128906	0.035860538482666016
162_0	0.09635567665100098	0.09653425216674805
162_1	0.05162978172302246	0.04687023162841797
162_2	0.050536394119262695	0.07782196998596191
162_3	0.29613733291625977	0.048299312591552734
162_4	0.09133362770080566	0.05339932441711426
162_5	0.09003257751464844	0.09040141105651855
162_6	0.1274263858795166	0.12267184257507324
162_7	0.14334368705749512	0.10266542434692383
162_8	0.02401900291442871	0.13849306106567383
162_9	0.12707948684692383	0.059499502182006836
163_0	0.028851747512817383	0.02711939811706543
163_1	0.04338860511779785	0.034319162368774414
163_2	0.04415082931518555	0.037316322326660156
163_3	0.030646085739135742	0.030955791473388672
163_4	0.029172658920288086	0.04654264450073242
163_5	0.035027265548706055	0.04771590232849121
163_6	0.04154562950134277	0.04076552391052246
163_7	0.015297651290893555	0.04641389846801758
164_0	0.9637792110443115	0.4973022937774658
164_1	0.30506420135498047	0.4122312068939209
164_2	0.2710580825805664	0.1964113712310791
164_3	0.3137795925140381	0.33971071243286133
164_4	0.19560766220092773	0.33235931396484375
164_5	0.231367826461792	0.28092384338378906
164_6	0.28177475929260254	0.16680073738098145
164_7	0.1554088592529297	0.18175005912780762
165_0	0.03706765174865723	0.09226512908935547
165_1	0.3262031078338623	0.10206842422485352
165_2	0.052648067474365234	0.2241380214691162
165_3	0.06629276275634766	0.1287674903869629
165_4	0.03307366371154785	0.17307257652282715
165_5	0.06744170188903809	0.09988260269165039
165_6	-1.0	0.10988688468933105
165_7	0.060492515563964844	0.12309765815734863
166_0	0.44736742973327637	0.2868494987487793
166_1	0.5876729488372803	0.4609110355377197
166_2	0.46410632133483887	0.4810490608215332
166_3	0.6642639636993408	0.4067509174346924
166_4	0.43485474586486816	0.5459022521972656
166_5	0.054296255111694336	0.3643364906311035
166_6	-1.0	0.22548604011535645
167_0	0.0004703998565673828	0.00034427642822265625
167_1	0.0009732246398925781	0.0003170967102050781
167_2	0.0002532005310058594	0.0002646446228027344
167_3	0.17525148391723633	0.0002741813659667969
167_4	0.0004055500030517578	0.0002498626708984375
167_5	0.00028061866760253906	0.0002636909484863281
167_6	0.10182070732116699	0.0002415180206298828
168_0	0.02165842056274414	0.017894983291625977
168_1	0.01841282844543457	0.019972562789916992
168_2	0.018048763275146484	0.04227638244628906
168_3	0.03325462341308594	0.028504371643066406
168_4	0.03175187110900879	0.027782678604125977
168_5	0.014941215515136719	0.029453754425048828
168_6	0.017264127731323242	0.016901731491088867
168_7	0.01637554168701172	0.016005992889404297
168_8	0.015876054763793945	0.01679372787475586
168_9	0.030752182006835938	0.01959061622619629
169_0	0.14594268798828125	0.4903693199157715
169_1	0.020590543746948242	0.40483617782592773
169_2	0.021192073822021484	0.259899377822876
169_3	0.08278989791870117	0.2549593448638916
169_4	0.11431574821472168	0.38275957107543945
169_5	0.34609079360961914	0.2610156536102295
169_6	0.030506610870361328	0.5028049945831299
169_7	0.08674788475036621	0.43028712272644043
170_0	0.0997612476348877	0.25503969192504883
170_1	0.10165166854858398	0.3725287914276123
170_2	0.08902406692504883	0.1954796314239502
170_3	0.11051201820373535	0.4035353660583496
170_4	0.09114360809326172	0.30449843406677246
170_5	0.0854334831237793	0.3711583614349365
170_6	0.032315969467163086	0.43074607849121094
170_7	0.06012773513793945	0.4138681888580322
170_8	0.04407048225402832	0.5182116031646729
171_0	0.3708157539367676	0.13137292861938477
171_1	0.07933592796325684	0.08393597602844238
171_2	0.486530065536499	0.12391424179077148
171_3	0.2201237678527832	0.14324498176574707
171_4	0.10396909713745117	0.052320241928100586
171_5	0.09390735626220703	0.040177106857299805
171_6	0.3002643585205078	0.07389068603515625
171_7	0.18525934219360352	0.17986416816711426
171_8	0.3336615562438965	0.05859684944152832
171_9	0.10251855850219727	0.05001664161682129
171_10	0.41512274742126465	0.0777742862701416
171_11	0.03478527069091797	0.08342218399047852
172_0	0.05991840362548828	0.035875558853149414
172_1	0.06972026824951172	0.03708338737487793
172_2	0.039644479751586914	0.03928208351135254
172_3	0.04250049591064453	0.06942105293273926
172_4	0.07036256790161133	0.07100653648376465
172_5	0.03360486030578613	0.06641983985900879
172_6	0.1448500156402588	0.03722381591796875
172_7	0.04749894142150879	0.0685117244720459
172_8	0.10736465454101562	0.07678651809692383
172_9	0.044409990310668945	0.0747981071472168
172_10	0.08137106895446777	0.12326598167419434
173_0	0.04693126678466797	0.03795671463012695
173_1	0.04539227485656738	0.05201101303100586
173_2	0.04017972946166992	0.03396749496459961
173_3	0.03897428512573242	0.03615546226501465
173_4	0.04745054244995117	0.04982137680053711
173_5	0.04608297348022461	0.0441739559173584
173_6	0.036982059478759766	0.04380941390991211
173_7	0.05019688606262207	0.05278158187866211
173_8	0.03670239448547363	0.029727697372436523
173_9	0.040071964263916016	0.04432106018066406
173_10	0.03513908386230469	0.026760578155517578
174_0	0.504936695098877	0.44657373428344727
174_1	0.3043804168701172	0.44212937355041504
174_2	0.1516125202178955	0.19239521026611328
174_3	0.22353076934814453	0.14249157905578613
174_4	0.29654884338378906	0.2497575283050537
174_5	0.1487276554107666	0.19954800605773926
174_6	0.29966068267822266	0.21315956115722656
174_7	0.27907228469848633	0.23343181610107422
174_8	0.3031296730041504	0.31308460235595703
175_0	0.2310948371887207	0.23223543167114258
175_1	0.22918009757995605	0.22992277145385742
175_2	0.20975041389465332	0.18084311485290527
175_3	0.3017609119415283	0.21504497528076172
175_4	0.3062279224395752	0.35782623291015625
175_5	0.30202603340148926	0.33364391326904297
175_6	0.3025639057159424	0.2578568458557129
175_7	0.42197299003601074	0.35762500762939453
175_8	0.27454566955566406	0.3594777584075928
176_0	0.027493953704833984	0.04067492485046387
176_1	0.030040740966796875	0.036066293716430664
176_2	0.061173200607299805	0.03775191307067871
176_3	0.0496063232421875	0.07657933235168457
176_4	0.0580143928527832	0.07462239265441895
176_5	0.05395007133483887	0.06415581703186035
176_6	0.0351712703704834	0.07721424102783203
176_7	0.025640249252319336	0.06054115295410156
177_0	0.024981021881103516	0.015437841415405273
177_1	0.014043092727661133	0.015369653701782227
177_2	0.01526784896850586	0.014850378036499023
177_3	0.0003044605255126953	0.026643991470336914
177_4	0.014992237091064453	0.014902830123901367
177_5	0.028942346572875977	0.017528533935546875
177_6	0.032216787338256836	0.031270503997802734
178_0	0.5549120903015137	0.5960531234741211
178_1	0.2383279800415039	0.3928658962249756
178_2	0.17061853408813477	0.48102736473083496
178_3	0.22415924072265625	0.744572639465332
178_4	0.05846357345581055	0.3991255760192871
178_5	0.13825130462646484	0.6348872184753418
178_6	0.0389559268951416	0.6115577220916748
178_7	0.26239871978759766	0.5668079853057861
178_8	0.32909488677978516	0.7415633201599121
178_9	0.21072936058044434	0.87333083152771
178_10	0.34589052200317383	0.8469259738922119
179_0	0.00045871734619140625	0.0007596015930175781
179_1	0.0004825592041015625	0.0006227493286132812
179_2	0.0004718303680419922	0.0004878044128417969
179_3	0.0004949569702148438	0.00041604042053222656
179_4	0.000507354736328125	0.0008308887481689453
179_5	0.0004944801330566406	0.00045990943908691406
179_6	0.000484466552734375	0.0014314651489257812
179_7	0.006787300109863281	0.00047898292541503906
179_8	0.037244319915771484	0.0004792213439941406
180_0	0.02176499366760254	0.27909326553344727
180_1	0.034098148345947266	0.2489488124847412
180_2	0.02945089340209961	0.4491446018218994
180_3	0.025589704513549805	0.3211841583251953
180_4	0.016468286514282227	0.4941699504852295
180_5	0.032884836196899414	0.24182415008544922
180_6	0.02207469940185547	0.4384615421295166
180_7	0.030072927474975586	0.27489185333251953
180_8	0.028064727783203125	0.2812612056732178
180_9	0.015197992324829102	0.29503917694091797
181_0	0.029463529586791992	0.2564060688018799
181_1	0.021303653717041016	0.4431459903717041
181_2	0.04980325698852539	0.2577362060546875
181_3	0.024843454360961914	0.38339829444885254
181_4	0.03193950653076172	0.3920462131500244
181_5	0.017868518829345703	0.3601722717285156
181_6	0.03361058235168457	0.24271345138549805
181_7	0.028725385665893555	0.32633113861083984
181_8	0.025474071502685547	0.468719482421875
181_9	0.0576624870300293	0.37369537353515625
181_10	0.03513979911804199	0.46064281463623047
182_0	0.13405799865722656	0.3286912441253662
182_1	0.25971269607543945	0.32067227363586426
182_2	0.07713556289672852	0.7671029567718506
182_3	0.656987190246582	0.8001735210418701
182_4	0.6026468276977539	0.6787035465240479
182_5	0.3839576244354248	0.8336734771728516
182_6	0.279094934463501	0.4222426414489746
182_7	0.30823779106140137	0.5330226421356201
182_8	31.0	0.5180103778839111
183_0	0.2409958839416504	0.2744169235229492
183_1	0.12488102912902832	0.23806428909301758
183_2	0.12241578102111816	0.17093610763549805
183_3	0.24877166748046875	0.2597377300262451
183_4	0.26993846893310547	0.16327762603759766
183_5	0.13226675987243652	0.13461565971374512
183_6	0.20579934120178223	0.2061150074005127
183_7	0.15021300315856934	0.15724563598632812
183_8	0.4736630916595459	0.2753565311431885
183_9	0.3080713748931885	0.30538463592529297
184_0	0.39081263542175293	0.14452052116394043
184_1	0.3086886405944824	0.09466290473937988
184_2	0.23108267784118652	0.0891566276550293
184_3	0.04679298400878906	0.053003787994384766
184_4	0.23322081565856934	0.068267822265625
184_5	0.13322186470031738	0.13788270950317383
184_6	0.4170370101928711	0.0682363510131836
184_7	0.20398449897766113	0.0947721004486084
184_8	0.0002334117889404297	0.059468984603881836
184_9	0.10197734832763672	0.09288477897644043
185_0	0.5934972763061523	0.2261953353881836
185_1	0.5375006198883057	0.3491816520690918
185_2	0.22163176536560059	0.4117121696472168
185_3	0.5618331432342529	0.2273247241973877
185_4	0.11269807815551758	0.34650301933288574
185_5	0.00026535987854003906	0.5532681941986084
185_6	0.3535618782043457	0.3352811336517334
185_7	0.6201221942901611	0.42743468284606934
185_8	0.6651468276977539	0.3686518669128418
186_0	0.3114922046661377	0.42575716972351074
186_1	0.28978729248046875	0.3467433452606201
186_2	0.33588504791259766	0.39788389205932617
186_3	0.43138670921325684	0.47509026527404785
186_4	0.2565650939941406	0.17807435989379883
186_5	0.27330875396728516	0.1686687469482422
186_6	0.2646939754486084	0.21307849884033203
186_7	0.17746663093566895	0.2275240421295166
187_0	0.2236800193786621	0.4534621238708496
187_1	0.3356316089630127	0.4925954341888428
187_2	0.5103771686553955	0.2646021842956543
187_3	0.23305177688598633	0.2714104652404785
187_4	-1.0	0.28864121437072754
188_0	0.11742162704467773	0.20071983337402344
188_1	0.40596723556518555	0.2526881694793701
188_2	0.17513704299926758	0.31989002227783203
189_0	0.2995491027832031	0.6174581050872803
189_1	0.5059194564819336	0.5237476825714111
189_2	0.6727926731109619	0.8774845600128174
189_3	0.6108911037445068	0.822413444519043
189_4	0.03961491584777832	1.11871337890625
189_5	0.03655862808227539	0.5837900638580322
190_0	7.705824851989746	0.2591073513031006
190_1	0.0002307891845703125	0.2232060432434082
190_2	0.10988092422485352	0.3828425407409668
190_3	0.3790278434753418	0.4163808822631836
190_4	0.04453921318054199	0.5252861976623535
190_5	0.7567276954650879	0.5761809349060059
191_0	0.00020885467529296875	0.4321160316467285
191_1	0.00039505958557128906	0.36292386054992676
191_2	0.00021767616271972656	0.427060604095459
191_3	0.06082797050476074	0.4343869686126709
191_4	0.05421257019042969	0.3503425121307373
191_5	0.04774761199951172	0.26157522201538086
192_0	0.036031484603881836	0.4844932556152344
192_1	0.022228002548217773	0.6258754730224609
192_2	0.044017791748046875	0.5136373043060303
192_3	0.036530256271362305	0.5968899726867676
192_4	0.04091000556945801	0.6742451190948486
192_5	0.3292415142059326	0.5065133571624756
193_0	0.14837145805358887	0.23418831825256348
193_1	0.2943274974822998	0.1738576889038086
193_2	0.25091075897216797	0.31905293464660645
193_3	0.15207147598266602	0.17008137702941895
193_4	0.2542076110839844	0.16411375999450684
193_5	0.11825752258300781	0.31615757942199707
193_6	0.10625410079956055	0.24317312240600586
193_7	0.060131072998046875	0.18012189865112305
194_0	0.23367977142333984	0.3055272102355957
194_1	0.21525096893310547	0.25909924507141113
194_2	0.1847236156463623	0.1367964744567871
194_3	0.3787870407104492	0.30246758460998535
194_4	0.40176939964294434	0.5580654144287109
194_5	0.29793405532836914	0.36263012886047363
195_0	0.17363190650939941	0.8389921188354492
195_1	0.05805802345275879	0.8924541473388672
195_2	0.6308450698852539	0.5078525543212891
196_0	0.3188657760620117	0.3323204517364502
196_1	-1.0	0.20963835716247559
196_2	-1.0	0.25147581100463867
196_3	-1.0	0.27315354347229004
196_4	-1.0	0.3399388790130615
197_0	0.1647810935974121	0.31778883934020996
197_1	-1.0	0.17263102531433105
197_2	0.24714994430541992	0.29285621643066406
197_3	0.21287965774536133	0.14556288719177246
197_4	0.23058748245239258	0.15553736686706543
197_5	0.17087340354919434	0.2976987361907959
198_0	0.12202668190002441	0.11762213706970215
198_1	0.11435246467590332	0.2354879379272461
198_2	0.12816190719604492	0.21578168869018555
198_3	0.26324462890625	0.22926664352416992
198_4	0.14214515686035156	0.1358175277709961
198_5	-1.0	0.12229704856872559
199_0	0.2549855709075928	0.4559206962585449
199_1	0.22317934036254883	0.34050750732421875
199_2	0.2520768642425537	0.3009066581726074
199_3	0.25070786476135254	0.5179507732391357
199_4	0.401369571685791	0.7732820510864258
199_5	0.3302328586578369	0.6508774757385254
200_0	0.39425230026245117	0.42534828186035156
200_1	0.2987487316131592	0.44344592094421387
200_2	0.2230067253112793	0.2183372974395752
201_0	0.3235654830932617	0.8445601463317871
201_1	1.0284960269927979	0.8353517055511475
201_2	-1.0	0.7499861717224121
202_0	0.3361704349517822	0.19560933113098145
202_1	0.033882856369018555	0.21590542793273926
202_2	0.0343017578125	0.11412930488586426
203_0	0.03277730941772461	0.07329988479614258
203_1	-1.0	0.07487368583679199
203_2	-1.0	0.07591748237609863
204_0	0.2561335563659668	0.20760679244995117
204_1	0.2841060161590576	0.15870308876037598
204_2	0.18889403343200684	0.28151583671569824
204_3	0.23934388160705566	0.31025242805480957
204_4	0.3948698043823242	0.44556450843811035
204_5	0.4369988441467285	0.4092679023742676
205_0	0.17078018188476562	0.33462977409362793
205_1	0.22259163856506348	0.31618714332580566
205_2	0.4610154628753662	0.29895472526550293
205_3	0.29978370666503906	0.18369793891906738
205_4	-1.0	0.20481300354003906
205_5	0.992840051651001	0.2338542938232422
206_0	0.0002338886260986328	0.000232696533203125
206_1	0.23984861373901367	0.0002117156982421875
207_0	0.0014293193817138672	0.0022644996643066406
207_1	0.0013060569763183594	0.0012135505676269531
