1_0	0.18834185600280762	0.015204668045043945
1_1	0.010190248489379883	0.010271072387695312
1_2	0.00960540771484375	0.009948968887329102
1_3	0.010030269622802734	0.009831428527832031
1_4	0.009564638137817383	0.009754180908203125
1_5	0.011410713195800781	0.011912822723388672
1_6	0.01062774658203125	0.009999513626098633
1_7	0.010110855102539062	0.010277748107910156
1_8	0.010220527648925781	0.010581016540527344
1_9	0.009479284286499023	0.00970602035522461
1_10	0.18374228477478027	0.00994420051574707
2_0	0.01005244255065918	0.010552406311035156
2_1	0.01112222671508789	0.015456914901733398
2_2	0.01018667221069336	0.010890960693359375
2_3	0.011177539825439453	0.010069131851196289
2_4	0.009841442108154297	0.010045766830444336
2_5	0.01008749008178711	0.00986337661743164
2_6	0.010506629943847656	0.010746479034423828
2_7	0.00970005989074707	0.009917259216308594
2_8	0.01004171371459961	0.010487556457519531
2_9	0.009618997573852539	0.00998067855834961
2_10	-1.0	0.010900259017944336
3_0	0.05383491516113281	0.05375075340270996
3_1	0.053528547286987305	0.05632281303405762
3_2	0.05406689643859863	0.055086612701416016
3_3	0.05475211143493652	0.05463385581970215
3_4	0.0598597526550293	0.05299043655395508
3_5	0.06240677833557129	0.053078413009643555
3_6	0.05361676216125488	0.055130958557128906
3_7	0.05318164825439453	0.05274033546447754
3_8	0.06098484992980957	0.05922269821166992
3_9	0.053838491439819336	0.0549921989440918
3_10	0.05795764923095703	0.05396699905395508
4_0	0.010321378707885742	0.010135173797607422
4_1	0.010178565979003906	0.010269641876220703
4_2	0.010249614715576172	0.010639667510986328
4_3	0.010172843933105469	0.010215997695922852
4_4	0.010362386703491211	0.010178327560424805
4_5	0.010207891464233398	0.01001286506652832
4_6	0.009797096252441406	0.010339736938476562
5_0	0.0005311965942382812	0.0606999397277832
5_1	0.016810894012451172	0.0640559196472168
5_2	0.020025014877319336	0.06253647804260254
5_3	-1.0	0.062383413314819336
5_4	-1.0	0.06308960914611816
5_5	0.02126336097717285	0.06316328048706055
5_6	0.0007145404815673828	0.061990976333618164
5_7	0.0010383129119873047	0.0637359619140625
6_0	0.010128021240234375	0.010314702987670898
6_1	0.010029792785644531	0.010959386825561523
6_2	0.00952458381652832	0.010713815689086914
6_3	0.009751558303833008	0.009745597839355469
6_4	0.011880636215209961	0.012820243835449219
6_5	0.010294437408447266	0.010096311569213867
6_6	0.010215044021606445	0.010107278823852539
6_7	0.009920597076416016	0.010123252868652344
6_8	0.010525226593017578	0.01082611083984375
6_9	0.010176897048950195	0.009982824325561523
6_10	0.0001964569091796875	0.00016045570373535156
6_11	0.0005915164947509766	0.00017642974853515625
6_12	0.00027823448181152344	0.00029730796813964844
7_0	0.020320415496826172	0.0201413631439209
7_1	0.020023584365844727	0.01983642578125
7_2	0.020328760147094727	0.02056264877319336
7_3	0.020534992218017578	0.020351886749267578
7_4	0.020592212677001953	0.020427227020263672
7_5	0.04937410354614258	0.020789384841918945
7_6	0.020338773727416992	0.01998138427734375
7_7	0.02022409439086914	0.02033376693725586
7_8	0.020076751708984375	0.020231008529663086
7_9	0.01950860023498535	0.01915144920349121
7_10	0.0280911922454834	0.01998305320739746
7_11	0.021173954010009766	0.020132780075073242
7_12	0.0204620361328125	0.02053070068359375
8_0	0.054447174072265625	0.05397439002990723
8_1	0.05522656440734863	0.05376935005187988
8_2	0.05572175979614258	0.05391383171081543
8_3	0.05553555488586426	0.05453681945800781
9_0	0.0001697540283203125	0.00015878677368164062
9_1	0.013344764709472656	0.00022125244140625
9_2	0.05729055404663086	0.0001633167266845703
9_3	0.17716526985168457	0.00013756752014160156
9_4	0.012838125228881836	0.00017952919006347656
10_0	0.12193012237548828	0.1295919418334961
10_1	0.11869311332702637	0.11780166625976562
10_2	0.11823153495788574	0.11771726608276367
10_3	0.05970168113708496	0.11956071853637695
10_4	0.06006908416748047	0.14547085762023926
10_5	0.06029462814331055	0.12368512153625488
10_6	0.11609697341918945	0.12621855735778809
10_7	0.06041693687438965	0.11938643455505371
10_8	0.11647462844848633	0.12155270576477051
10_9	0.06008005142211914	0.12007641792297363
10_10	0.06964278221130371	0.12209653854370117
11_0	0.06044316291809082	0.11946702003479004
11_1	0.05923318862915039	0.12061691284179688
11_2	0.06000852584838867	0.1209561824798584
11_3	0.05966329574584961	0.11925053596496582
11_4	0.05975842475891113	0.12229394912719727
11_5	0.05895566940307617	0.12008523941040039
11_6	0.05955028533935547	0.12081289291381836
11_7	0.11549210548400879	0.12074160575866699
12_0	0.06037402153015137	0.05999875068664551
12_1	0.059762001037597656	0.06048941612243652
12_2	0.06025981903076172	0.06030750274658203
12_3	0.06008434295654297	0.06138134002685547
12_4	0.06058216094970703	0.06309103965759277
12_5	0.060660362243652344	0.06092357635498047
13_0	0.033158063888549805	0.00013208389282226562
13_1	0.03272676467895508	0.00013113021850585938
13_2	0.032965660095214844	0.0001304149627685547
13_3	0.0001723766326904297	0.0002052783966064453
13_4	0.03397369384765625	0.00040531158447265625
13_5	0.00016951560974121094	0.00016880035400390625
13_6	0.00020003318786621094	0.00017023086547851562
13_7	0.0001728534698486328	0.00019502639770507812
13_8	0.00016689300537109375	0.0001742839813232422
13_9	0.00020694732666015625	0.00017070770263671875
14_0	0.014534473419189453	0.014492511749267578
14_1	0.0355069637298584	0.00013256072998046875
14_2	0.02439093589782715	0.00025582313537597656
14_3	0.011400461196899414	0.01219320297241211
14_4	0.012651443481445312	0.014795064926147461
15_0	0.09282469749450684	0.17867779731750488
15_1	0.09399795532226562	0.17762994766235352
15_2	0.09814667701721191	0.2007312774658203
15_3	0.09856009483337402	0.17975997924804688
15_4	0.11064267158508301	0.19470739364624023
16_0	0.08841323852539062	0.09367561340332031
16_1	0.08798623085021973	0.09602689743041992
16_2	0.08643126487731934	0.08935856819152832
16_3	0.08916378021240234	0.13000988960266113
17_0	0.00018596649169921875	0.00019407272338867188
17_1	0.00016188621520996094	0.0003714561462402344
17_2	0.00024962425231933594	0.0002014636993408203
17_3	-1.0	0.0001404285430908203
17_4	0.00017952919006347656	0.0001766681671142578
17_5	0.0002071857452392578	0.00019168853759765625
17_6	0.0001766681671142578	0.00017309188842773438
17_7	0.0002086162567138672	0.00017571449279785156
17_8	0.0001842975616455078	0.0001804828643798828
17_9	0.00019860267639160156	0.0001800060272216797
17_10	-1.0	0.0001785755157470703
17_11	0.05061936378479004	0.00013780593872070312
17_12	0.0002593994140625	0.00020003318786621094
17_13	0.036531686782836914	0.0001385211944580078
17_14	0.03882598876953125	0.0001513957977294922
18_0	0.057701826095581055	0.07044601440429688
18_1	0.056896209716796875	0.07808375358581543
18_2	0.05966687202453613	0.06205439567565918
18_3	0.05994558334350586	0.06472229957580566
18_4	0.05934023857116699	0.06127572059631348
18_5	0.07871079444885254	0.06282401084899902
18_6	0.07775568962097168	0.06248641014099121
19_0	0.11779260635375977	0.1862175464630127
19_1	0.07162666320800781	0.18479371070861816
19_2	0.06896543502807617	0.1996629238128662
19_3	0.12609195709228516	0.19011282920837402
19_4	0.06717252731323242	0.18978166580200195
20_0	0.06636333465576172	0.12681126594543457
20_1	0.0692284107208252	0.12643074989318848
20_2	0.05953407287597656	0.11968088150024414
20_3	0.06235790252685547	0.12338423728942871
20_4	0.06719088554382324	0.13544273376464844
21_0	0.010262727737426758	0.01023554801940918
21_1	0.009966850280761719	0.010396718978881836
21_2	0.010077953338623047	0.010409832000732422
21_3	0.010455846786499023	0.010065317153930664
21_4	0.010164499282836914	0.01049661636352539
21_5	-1.0	0.01218724250793457
21_6	-1.0	0.011898040771484375
21_7	0.01881098747253418	0.012196540832519531
21_8	0.010890483856201172	0.009835243225097656
22_0	0.012198686599731445	0.010788679122924805
22_1	0.010831117630004883	0.010401487350463867
22_2	0.011194229125976562	0.011866569519042969
22_3	0.01040792465209961	0.010413169860839844
22_4	0.01026463508605957	0.010423660278320312
22_5	0.01047658920288086	0.010437726974487305
22_6	0.01052236557006836	0.011550188064575195
22_7	0.010848283767700195	0.01041269302368164
22_8	0.010989904403686523	0.010354995727539062
22_9	0.012555122375488281	0.010791778564453125
22_10	0.010757923126220703	0.010281801223754883
23_0	0.05976724624633789	0.060274600982666016
23_1	0.060562849044799805	0.0597836971282959
23_2	0.06459760665893555	0.060331106185913086
23_3	0.058371782302856445	0.060587406158447266
23_4	0.05949807167053223	0.06051206588745117
23_5	0.06018996238708496	0.057741403579711914
23_6	0.06004834175109863	0.059747934341430664
23_7	0.06213545799255371	0.06238842010498047
23_8	0.058385610580444336	0.06024575233459473
24_0	0.08291769027709961	0.14428424835205078
24_1	0.08112335205078125	0.14641976356506348
24_2	0.07866287231445312	0.14224529266357422
24_3	0.11216187477111816	0.1408982276916504
24_4	0.07861518859863281	0.14171743392944336
24_5	0.11782956123352051	0.14156675338745117
24_6	0.08615779876708984	0.14708495140075684
25_0	0.022692203521728516	0.009940385818481445
25_1	0.009473800659179688	0.009476900100708008
25_2	0.009239435195922852	0.009842157363891602
25_3	0.00018596649169921875	0.018621444702148438
25_4	0.01648855209350586	0.018878936767578125
25_5	0.0002143383026123047	0.01826190948486328
26_0	0.017441749572753906	0.010426521301269531
26_1	0.010442256927490234	0.010594844818115234
26_2	0.010219335556030273	0.010738611221313477
26_3	0.0174252986907959	0.010407447814941406
26_4	0.018213987350463867	0.0001857280731201172
27_0	0.019923925399780273	0.019333362579345703
27_1	0.01957416534423828	0.020061492919921875
27_2	0.020164012908935547	0.022343158721923828
27_3	0.01976609230041504	0.01968550682067871
27_4	0.019623279571533203	0.019467830657958984
27_5	0.01992011070251465	0.02012348175048828
27_6	0.02053546905517578	0.020454883575439453
27_7	0.01987004280090332	0.0199587345123291
27_8	0.019443273544311523	0.01961374282836914
27_9	0.019870281219482422	0.020323753356933594
27_10	0.019641637802124023	0.020328521728515625
28_0	0.07646989822387695	0.17978858947753906
28_1	0.07712054252624512	0.19194912910461426
28_2	0.07795310020446777	0.18361496925354004
28_3	0.07750511169433594	0.17851996421813965
28_4	0.07841610908508301	0.178938627243042
28_5	0.07784581184387207	0.18232059478759766
28_6	0.07886362075805664	0.1833806037902832
28_7	0.07597613334655762	0.1814718246459961
28_8	0.07835698127746582	0.17969846725463867
28_9	0.10845780372619629	0.18112444877624512
28_10	0.10669708251953125	0.17814207077026367
29_0	0.07820677757263184	0.15421390533447266
29_1	0.07596445083618164	0.1541907787322998
29_2	0.07654929161071777	0.2139725685119629
29_3	0.07719254493713379	0.15649938583374023
29_4	0.07740330696105957	0.15448880195617676
29_5	0.07794308662414551	0.15527677536010742
29_6	0.07861733436584473	0.15381383895874023
30_0	0.05962324142456055	0.0596466064453125
30_1	0.06094932556152344	0.05901741981506348
30_2	0.06048917770385742	0.05920863151550293
30_3	0.08014559745788574	0.06526541709899902
30_4	0.00962519645690918	0.06547999382019043
30_5	0.06051468849182129	0.0595088005065918
30_6	0.060510873794555664	0.09098100662231445
30_7	0.03345203399658203	0.06740212440490723
30_8	0.060105085372924805	0.05955910682678223
31_0	0.06099390983581543	0.06361126899719238
31_1	0.060047149658203125	0.06278061866760254
31_2	0.07832145690917969	0.06359744071960449
32_0	0.11917710304260254	0.08906340599060059
32_1	0.07352948188781738	0.08450484275817871
32_2	0.10419583320617676	0.08433794975280762
32_3	0.08565115928649902	0.08491206169128418
32_4	0.07816934585571289	0.08086395263671875
32_5	0.07793474197387695	0.0857992172241211
33_0	0.009796857833862305	0.010186195373535156
33_1	0.00980377197265625	0.009818077087402344
33_2	0.010045051574707031	0.010045051574707031
33_3	0.009774446487426758	0.009714841842651367
33_4	0.010153770446777344	0.010023832321166992
34_0	0.009931325912475586	0.009878396987915039
34_1	0.010129213333129883	0.010136127471923828
34_2	0.009557247161865234	0.009921550750732422
35_0	0.010330438613891602	0.010763168334960938
35_1	0.009845256805419922	0.009979724884033203
35_2	0.010634422302246094	0.010445833206176758
35_3	0.010789871215820312	0.010746002197265625
36_0	0.010470151901245117	0.010635852813720703
36_1	0.010537385940551758	0.010280132293701172
36_2	0.01016998291015625	0.010231733322143555
36_3	0.010524749755859375	0.010360956192016602
36_4	0.010126590728759766	0.010436296463012695
36_5	0.01014566421508789	0.010543584823608398
37_0	0.07037734985351562	0.07247734069824219
37_1	0.07176852226257324	0.07133126258850098
37_2	0.06857657432556152	0.06951427459716797
37_3	0.07087278366088867	0.06912732124328613
37_4	0.06894993782043457	0.06976318359375
37_5	0.06896853446960449	0.07033610343933105
37_6	0.06934332847595215	0.0703730583190918
37_7	0.06952810287475586	0.07021379470825195
38_0	-1.0	0.021740436553955078
38_1	0.012886762619018555	0.022101163864135742
38_2	-1.0	0.021471261978149414
38_3	0.09035563468933105	0.022325992584228516
38_4	0.011853456497192383	0.028407812118530273
38_5	-1.0	0.022278308868408203
39_0	0.026917457580566406	0.06339359283447266
39_1	0.045171260833740234	0.04456901550292969
39_2	0.045873165130615234	0.04673051834106445
40_0	0.009951114654541016	0.010692834854125977
40_1	0.010706186294555664	0.010819673538208008
40_2	0.009969711303710938	0.010005950927734375
40_3	0.009805679321289062	0.009365558624267578
40_4	0.010114669799804688	0.010360956192016602
40_5	0.010492324829101562	0.010137796401977539
41_0	0.010289669036865234	0.010069131851196289
41_1	0.010220766067504883	0.010035037994384766
41_2	0.009957313537597656	0.010052680969238281
41_3	0.0016689300537109375	0.009969711303710938
42_0	0.010259628295898438	0.010189056396484375
42_1	0.009924173355102539	0.010032176971435547
42_2	0.0016331672668457031	0.010634183883666992
43_0	0.14237666130065918	0.14130640029907227
43_1	0.14320087432861328	0.13988471031188965
43_2	0.1428360939025879	0.14357709884643555
43_3	0.14321517944335938	0.14056038856506348
43_4	0.0835564136505127	0.1526014804840088
44_0	0.011183500289916992	0.00019288063049316406
44_1	0.010740041732788086	0.0001652240753173828
44_2	0.010822772979736328	0.00016069412231445312
44_3	0.011241912841796875	0.0001819133758544922
44_4	0.011553764343261719	0.00018334388732910156
44_5	0.010499238967895508	0.0001595020294189453
44_6	0.009836196899414062	0.010238885879516602
45_0	0.011583805084228516	0.018178462982177734
45_1	0.010072708129882812	0.01776266098022461
45_2	0.009930610656738281	0.018676280975341797
45_3	0.01861715316772461	0.01982855796813965
46_0	0.010638952255249023	0.029400110244750977
46_1	0.010339021682739258	0.02889561653137207
46_2	0.035025596618652344	0.029902935028076172
46_3	0.0002262592315673828	0.029955148696899414
46_4	0.012822389602661133	0.029471397399902344
47_0	0.0616765022277832	0.0600123405456543
47_1	0.06191515922546387	0.07685446739196777
47_2	0.06441164016723633	0.07185149192810059
47_3	0.0633096694946289	0.07991385459899902
47_4	0.06130266189575195	0.06414484977722168
47_5	0.06214118003845215	0.06075739860534668
47_6	0.06243109703063965	0.0680086612701416
47_7	0.08106327056884766	0.06142139434814453
47_8	0.06493067741394043	0.06670784950256348
48_0	0.05992555618286133	0.06218457221984863
48_1	0.05977606773376465	0.06059885025024414
48_2	0.07135415077209473	0.06751227378845215
48_3	0.0626523494720459	0.06022524833679199
48_4	0.05870795249938965	0.058387041091918945
48_5	0.10230159759521484	0.07279658317565918
48_6	0.0571136474609375	0.05651426315307617
48_7	0.05803370475769043	0.060175180435180664
48_8	0.05940723419189453	0.07916259765625
49_0	0.05963778495788574	0.07632136344909668
49_1	-1.0	0.059366464614868164
49_2	-1.0	0.06372499465942383
49_3	0.05948615074157715	0.09423828125
49_4	0.06081080436706543	0.08791780471801758
49_5	0.07418203353881836	0.05836987495422363
50_0	0.15704035758972168	0.06859874725341797
50_1	0.15427613258361816	0.06587505340576172
50_2	0.15529727935791016	0.06477618217468262
50_3	0.1735060214996338	0.06579756736755371
50_4	0.1551060676574707	0.0651698112487793
50_5	0.15638518333435059	0.06484603881835938
50_6	0.15624737739562988	0.06603741645812988
50_7	0.1548750400543213	0.06625556945800781
50_8	0.15587663650512695	0.06467509269714355
50_9	-1.0	0.06526303291320801
51_0	0.009394168853759766	0.009622335433959961
51_1	0.009457588195800781	0.00964045524597168
51_2	0.012463569641113281	0.00014162063598632812
51_3	0.009782791137695312	0.009903669357299805
51_4	0.009394407272338867	0.009729862213134766
51_5	0.00981593132019043	0.010041952133178711
51_6	0.00946807861328125	0.009771585464477539
51_7	0.010053157806396484	0.010643482208251953
51_8	0.009663581848144531	0.009768009185791016
51_9	0.009849786758422852	0.010283708572387695
51_10	0.009320735931396484	0.00981760025024414
52_0	0.013658285140991211	0.013858318328857422
52_1	0.014188766479492188	0.015910625457763672
52_2	0.014115571975708008	0.01428079605102539
52_3	0.013457059860229492	0.013338327407836914
52_4	0.01387166976928711	0.013630151748657227
52_5	0.01396799087524414	0.014452695846557617
52_6	0.01530766487121582	0.00017404556274414062
52_7	0.014874935150146484	0.0001742839813232422
53_0	0.06368231773376465	0.05947065353393555
53_1	0.062020063400268555	0.05868387222290039
53_2	0.06260418891906738	0.05941152572631836
53_3	0.062316179275512695	0.058296918869018555
53_4	0.06337356567382812	0.06228351593017578
53_5	0.07281064987182617	0.06522750854492188
53_6	0.0758066177368164	0.06556844711303711
53_7	0.06196141242980957	0.05909872055053711
53_8	0.06237506866455078	0.0609130859375
53_9	0.06235218048095703	0.05856823921203613
53_10	0.06300544738769531	0.05821728706359863
53_11	0.06265473365783691	0.05864906311035156
53_12	0.08301138877868652	0.06656670570373535
53_13	0.06858038902282715	0.07038712501525879
54_0	-1.0	0.4252612590789795
54_1	-1.0	0.4006211757659912
54_2	-1.0	0.39722204208374023
54_3	-1.0	0.42846012115478516
54_4	-1.0	0.41987133026123047
55_0	0.16485834121704102	0.474977970123291
55_1	-1.0	0.46756649017333984
55_2	1.0748622417449951	0.4746413230895996
55_3	-1.0	0.4602229595184326
55_4	-1.0	0.45595622062683105
56_0	0.009842157363891602	0.009649276733398438
56_1	0.02440619468688965	0.0001201629638671875
56_2	0.00016069412231445312	0.0001201629638671875
56_3	0.014788389205932617	0.00012731552124023438
57_0	-1.0	0.30880165100097656
57_1	-1.0	0.310117244720459
57_2	-1.0	0.29801487922668457
57_3	-1.0	0.2996370792388916
57_4	-1.0	0.30913329124450684
57_5	-1.0	0.3123741149902344
57_6	-1.0	0.36805081367492676
57_7	-1.0	0.30301690101623535
57_8	-1.0	0.2986011505126953
57_9	-1.0	0.31357550621032715
57_10	-1.0	0.3084895610809326
57_11	-1.0	0.30358028411865234
57_12	-1.0	0.3180832862854004
57_13	-1.0	0.30546998977661133
57_14	-1.0	0.306488037109375
57_15	-1.0	0.30684900283813477
57_16	-1.0	0.3082585334777832
57_17	-1.0	0.2997579574584961
57_18	-1.0	0.2986161708831787
57_19	-1.0	0.29533886909484863
57_20	-1.0	0.3028907775878906
57_21	0.08692169189453125	0.32364797592163086
57_22	0.08593106269836426	0.30876660346984863
57_23	0.08535122871398926	0.3048882484436035
57_24	-1.0	0.2951505184173584
57_25	-1.0	0.29983091354370117
58_0	0.09056544303894043	0.16682863235473633
58_1	0.09301590919494629	0.17236781120300293
58_2	0.07440733909606934	0.17193174362182617
58_3	0.009709596633911133	0.16573047637939453
58_4	0.010026693344116211	0.1598038673400879
58_5	0.02687215805053711	0.1734602451324463
58_6	0.08525371551513672	0.1652970314025879
59_0	0.009738445281982422	0.009420156478881836
59_1	0.10450291633605957	0.009669303894042969
59_2	0.10456132888793945	0.010863065719604492
59_3	0.10413813591003418	0.01084446907043457
59_4	0.009036540985107422	0.009243011474609375
59_5	0.00969076156616211	0.009615659713745117
59_6	0.00926828384399414	0.011651039123535156
59_7	0.00971364974975586	0.009792089462280273
59_8	0.010222434997558594	0.009542703628540039
59_9	0.009175777435302734	0.009599924087524414
59_10	0.014613628387451172	0.009688138961791992
59_11	0.009669780731201172	0.010045289993286133
59_12	0.009783506393432617	0.010035037994384766
59_13	0.009630680084228516	0.0096282958984375
59_14	0.009590387344360352	0.009637594223022461
59_15	0.05262422561645508	0.00989842414855957
59_16	0.010332584381103516	0.010165929794311523
60_0	0.17048382759094238	0.00016641616821289062
60_1	0.013885736465454102	0.017522811889648438
60_2	0.1652088165283203	0.00016832351684570312
60_3	-1.0	0.00016045570373535156
60_4	0.010083675384521484	0.010199546813964844
60_5	0.020776033401489258	0.0001499652862548828
60_6	0.010180950164794922	0.010101079940795898
60_7	0.010635137557983398	0.014752388000488281
60_8	0.16551685333251953	0.0001385211944580078
60_9	0.16236138343811035	0.00013446807861328125
60_10	0.16664934158325195	0.00018310546875
60_11	0.009936809539794922	0.010273456573486328
60_12	0.009374618530273438	0.009568214416503906
60_13	0.020307302474975586	0.00012612342834472656
60_14	0.015351533889770508	0.02270984649658203
60_15	0.009657621383666992	0.009465932846069336
60_16	0.009517192840576172	0.009899139404296875
60_17	0.1875596046447754	0.0001685619354248047
61_0	0.07204580307006836	0.09001493453979492
61_1	0.0727236270904541	0.0713658332824707
61_2	0.07128334045410156	0.06833171844482422
61_3	0.07060813903808594	0.06918001174926758
61_4	0.06925201416015625	0.06728363037109375
61_5	0.06923699378967285	0.06689596176147461
61_6	0.06945252418518066	0.06742525100708008
61_7	0.06808161735534668	0.06819725036621094
61_8	0.0692131519317627	0.0661771297454834
61_9	0.07125496864318848	0.06662249565124512
61_10	0.06869149208068848	0.06838512420654297
61_11	0.06896424293518066	0.06661200523376465
61_12	0.06829190254211426	0.06839799880981445
61_13	0.06988048553466797	0.06703734397888184
61_14	0.08293271064758301	0.06931662559509277
61_15	0.0686347484588623	0.06834292411804199
61_16	0.07738685607910156	0.10657525062561035
61_17	0.08398294448852539	0.06926393508911133
61_18	0.08569955825805664	0.07091641426086426
61_19	0.08420276641845703	0.07043933868408203
61_20	0.08452343940734863	0.06902027130126953
61_21	0.07319879531860352	0.0842437744140625
61_22	0.07160019874572754	0.06757521629333496
61_23	0.08171272277832031	0.11098504066467285
62_0	-1.0	0.05031108856201172
62_1	0.04370522499084473	0.04455304145812988
62_2	0.04586505889892578	0.05132746696472168
62_3	0.04255843162536621	0.042856693267822266
62_4	0.15583395957946777	0.049144744873046875
62_5	0.04189157485961914	0.07925224304199219
62_6	0.10086607933044434	0.049082279205322266
62_7	0.06904721260070801	0.04868292808532715
63_0	0.025609493255615234	0.0001385211944580078
63_1	0.025005817413330078	0.0001380443572998047
63_2	0.02614140510559082	0.00013756752014160156
63_3	0.09512138366699219	0.0001678466796875
63_4	0.09647512435913086	0.0001392364501953125
63_5	0.013495445251464844	0.013955116271972656
63_6	0.035700321197509766	0.00013780593872070312
63_7	-1.0	0.00013113021850585938
63_8	0.010197877883911133	0.00015687942504882812
63_9	0.014480352401733398	0.013349771499633789
63_10	0.011637449264526367	0.0001494884490966797
63_11	0.01397562026977539	0.000133514404296875
64_0	0.009738445281982422	0.009307384490966797
64_1	0.009217023849487305	0.009404420852661133
64_2	0.009391546249389648	0.009378433227539062
64_3	0.009660482406616211	0.00978851318359375
64_4	0.00953364372253418	0.00908207893371582
64_5	0.010132312774658203	0.010474443435668945
65_0	0.012499570846557617	0.022942781448364258
65_1	0.010413169860839844	0.022810935974121094
65_2	0.0001811981201171875	0.021994829177856445
65_3	0.010413408279418945	0.0217587947845459
65_4	0.010511398315429688	0.022423267364501953
65_5	0.010315418243408203	0.022315502166748047
66_0	0.009817123413085938	0.009767532348632812
66_1	0.010128974914550781	0.010130643844604492
66_2	0.009865045547485352	0.010341644287109375
66_3	0.010053873062133789	0.01082611083984375
66_4	0.009698867797851562	0.009807109832763672
66_5	0.010599613189697266	0.010360956192016602
66_6	0.010728836059570312	0.010601997375488281
66_7	0.01070404052734375	0.010593652725219727
66_8	0.010008811950683594	0.010670185089111328
66_9	0.009965896606445312	0.01063084602355957
66_10	0.00998687744140625	0.010116338729858398
67_0	0.009711980819702148	0.00992894172668457
67_1	0.010876178741455078	0.010281085968017578
67_2	0.009787321090698242	0.010182619094848633
67_3	0.010041475296020508	0.009991884231567383
67_4	0.01006627082824707	0.010066032409667969
67_5	0.011293172836303711	0.011244773864746094
67_6	0.010000467300415039	0.010221004486083984
67_7	0.009581565856933594	0.010224342346191406
67_8	0.009909629821777344	0.009887218475341797
67_9	0.00986623764038086	0.010184288024902344
68_0	0.019191503524780273	0.016453266143798828
68_1	0.019425630569458008	0.015866518020629883
68_2	0.0190279483795166	0.01575160026550293
68_3	0.01910233497619629	0.016123533248901367
68_4	0.019216060638427734	0.016001462936401367
68_5	0.019015073776245117	0.0162355899810791
68_6	0.018357515335083008	0.015744447708129883
68_7	0.018755674362182617	0.015740633010864258
68_8	0.01877760887145996	0.015403509140014648
68_9	0.01907491683959961	0.01635003089904785
69_0	0.013743162155151367	0.012490034103393555
69_1	0.01086735725402832	0.012825250625610352
69_2	0.009641885757446289	0.012420892715454102
69_3	0.011051654815673828	0.012503623962402344
69_4	0.011185407638549805	0.012784242630004883
69_5	0.0115966796875	0.013146162033081055
69_6	0.011011123657226562	0.012477874755859375
69_7	0.17986273765563965	0.01281881332397461
69_8	0.010433435440063477	0.012405872344970703
69_9	0.01080322265625	0.012383699417114258
69_10	0.013753890991210938	0.013262748718261719
69_11	0.011000633239746094	0.012647390365600586
69_12	0.010774850845336914	0.012257575988769531
69_13	0.010742902755737305	0.012303590774536133
69_14	0.013655424118041992	0.012038946151733398
69_15	0.09965825080871582	0.012184619903564453
71_0	0.05788254737854004	0.07775568962097168
71_1	0.05991792678833008	0.08045411109924316
71_2	0.05648684501647949	0.058585405349731445
71_3	0.05684852600097656	0.05740714073181152
71_4	0.05819201469421387	0.05785322189331055
71_5	0.0600581169128418	0.05859875679016113
72_0	0.061721086502075195	0.07737541198730469
72_1	0.06388616561889648	0.0762641429901123
72_2	0.05858278274536133	0.07547903060913086
72_3	0.06404280662536621	0.07486128807067871
72_4	0.12470769882202148	0.07546663284301758
73_0	0.002657651901245117	0.0020983219146728516
73_1	0.002896547317504883	0.0019991397857666016
73_2	0.0026073455810546875	0.002056121826171875
73_3	0.0031769275665283203	0.0059773921966552734
73_4	0.002745389938354492	0.0023207664489746094
73_5	0.0028493404388427734	0.0023093223571777344
73_6	0.0024902820587158203	0.0020046234130859375
73_7	0.002566099166870117	0.0020678043365478516
73_8	0.10405206680297852	0.002097606658935547
73_9	0.0027616024017333984	0.0020847320556640625
73_10	0.002439260482788086	0.0022430419921875
73_11	0.002506256103515625	0.002083301544189453
73_12	0.005829811096191406	0.0021572113037109375
73_13	0.0025632381439208984	0.002054929733276367
73_14	0.002701997756958008	0.002301931381225586
73_15	0.002495288848876953	0.0021092891693115234
73_16	0.0026388168334960938	0.0020809173583984375
73_17	0.002513408660888672	0.002002239227294922
73_18	0.0024607181549072266	0.002259969711303711
75_0	0.0001614093780517578	0.00018072128295898438
75_1	0.011876106262207031	0.00027370452880859375
75_2	0.0001575946807861328	0.00021910667419433594
75_3	0.00018739700317382812	0.00017905235290527344
75_4	0.11696052551269531	0.00015091896057128906
75_5	0.00016260147094726562	0.00014901161193847656
75_6	-1.0	0.00014925003051757812
75_7	0.00020003318786621094	0.0003781318664550781
76_0	0.0700986385345459	0.06865549087524414
76_1	0.0664360523223877	0.06933784484863281
76_2	0.06690144538879395	0.07039260864257812
76_3	0.06618738174438477	0.06645822525024414
76_4	0.16037225723266602	0.07970643043518066
76_5	0.07115435600280762	0.06865882873535156
76_6	0.15667033195495605	0.08313918113708496
76_7	0.06745290756225586	0.0669107437133789
76_8	0.06662416458129883	0.06567263603210449
76_9	0.0665276050567627	0.06782031059265137
76_10	0.06697440147399902	0.06685781478881836
76_11	0.06848454475402832	0.06598472595214844
77_0	0.0751190185546875	0.12489199638366699
77_1	0.07527470588684082	0.12977290153503418
77_2	0.0759742259979248	0.12781023979187012
77_3	0.0726475715637207	0.12590932846069336
77_4	0.10972332954406738	0.12586402893066406
77_5	0.19780683517456055	0.1243276596069336
77_6	0.07255363464355469	0.12954187393188477
77_7	0.0747380256652832	0.1278517246246338
77_8	0.12552547454833984	0.14886736869812012
77_9	0.07447648048400879	0.13916277885437012
77_10	0.07563900947570801	0.12492251396179199
78_0	0.02174997329711914	0.01050114631652832
78_1	0.009866952896118164	0.01034688949584961
78_2	0.009725809097290039	0.009813070297241211
78_3	0.010062694549560547	0.010287284851074219
78_4	0.009844779968261719	0.009952306747436523
78_5	0.01011037826538086	0.010300874710083008
78_6	0.02298283576965332	0.01103663444519043
79_0	0.020496368408203125	0.014038801193237305
79_1	0.01242828369140625	0.012194395065307617
79_2	0.012644529342651367	0.012572526931762695
79_3	0.012301206588745117	0.012512683868408203
79_4	0.012492895126342773	0.01216745376586914
79_5	0.013696670532226562	0.013184547424316406
79_6	0.012531518936157227	0.012814044952392578
79_7	0.0118560791015625	0.01246023178100586
79_8	0.012629032135009766	0.012818574905395508
79_9	0.022832632064819336	0.014348983764648438
79_10	0.013280630111694336	0.013577461242675781
80_0	0.05746626853942871	0.056272268295288086
80_1	0.058535099029541016	0.05980515480041504
80_2	0.05678749084472656	0.05652761459350586
80_3	0.05789756774902344	0.06332802772521973
80_4	0.056801557540893555	0.058806657791137695
80_5	0.05693650245666504	0.05858421325683594
80_6	0.05700230598449707	0.0572357177734375
80_7	0.05911993980407715	0.06350064277648926
80_8	0.0589902400970459	0.05750012397766113
80_9	0.05548501014709473	0.06110668182373047
80_10	0.05768179893493652	0.05721926689147949
81_0	0.05783343315124512	0.053571462631225586
81_1	0.07984566688537598	0.05631828308105469
81_2	0.05289578437805176	0.05318188667297363
81_3	0.05356311798095703	0.054592132568359375
81_4	0.054555654525756836	0.055085182189941406
81_5	0.05211472511291504	0.053136587142944336
81_6	0.05557131767272949	0.05370736122131348
81_7	0.05336785316467285	0.05339694023132324
82_0	0.0001723766326904297	0.00016617774963378906
82_1	0.02238631248474121	0.00014472007751464844
82_2	0.00034117698669433594	0.00043487548828125
82_3	0.0002040863037109375	0.00019025802612304688
82_4	0.00014519691467285156	0.00014829635620117188
83_0	0.01743340492248535	0.017520904541015625
83_1	0.017232179641723633	0.01735830307006836
83_2	0.01721024513244629	0.017324447631835938
83_3	0.017359495162963867	0.017945289611816406
83_4	0.0260164737701416	0.02654552459716797
83_5	0.018352985382080078	0.023604869842529297
83_6	0.017731666564941406	0.0178987979888916
83_7	0.01697683334350586	0.017607688903808594
83_8	0.01762080192565918	0.017894744873046875
84_0	0.01841115951538086	0.018217086791992188
84_1	0.017479896545410156	0.017578840255737305
84_2	0.017199277877807617	0.017828702926635742
85_0	0.1121063232421875	0.00013947486877441406
85_1	0.00017571449279785156	0.0003459453582763672
85_2	0.11242413520812988	0.00040793418884277344
85_3	0.0013532638549804688	0.0001285076141357422
85_4	0.10061836242675781	0.00012993812561035156
86_0	0.05120849609375	0.04794955253601074
86_1	0.04804039001464844	0.04600977897644043
86_2	0.12451553344726562	0.04612255096435547
86_3	0.04826498031616211	0.04695630073547363
86_4	0.024001598358154297	0.045484066009521484
86_5	0.011588096618652344	0.04586935043334961
86_6	0.0001609325408935547	0.04564332962036133
86_7	0.023594141006469727	0.045011281967163086
86_8	0.02402019500732422	0.04484057426452637
86_9	0.012134790420532227	0.04509115219116211
87_0	0.00017142295837402344	0.00022125244140625
87_1	0.0001895427703857422	0.0002079010009765625
87_2	0.00017523765563964844	0.0001614093780517578
87_3	0.0001842975616455078	0.00018906593322753906
87_4	0.0001811981201171875	0.00024008750915527344
87_5	0.00021910667419433594	0.00014257431030273438
87_6	0.00020432472229003906	0.0001881122589111328
87_7	0.017882108688354492	0.00015783309936523438
88_0	0.02618241310119629	0.06531906127929688
88_1	0.06952953338623047	0.05860757827758789
88_2	0.09870243072509766	0.06880950927734375
88_3	0.00016236305236816406	0.06884002685546875
88_4	0.08391523361206055	0.06187605857849121
88_5	0.013581275939941406	0.06172347068786621
88_6	0.0001614093780517578	0.06462979316711426
88_7	0.01347208023071289	0.06168556213378906
88_8	0.013745546340942383	0.06038808822631836
88_9	0.00016188621520996094	0.06372952461242676
89_0	0.0002999305725097656	0.08053112030029297
89_1	0.011901140213012695	0.08199572563171387
89_2	0.00024271011352539062	0.08003830909729004
89_3	0.0003459453582763672	0.07918000221252441
89_4	0.0111236572265625	0.07965326309204102
89_5	0.011286020278930664	0.08073830604553223
89_6	0.0002474784851074219	0.08087396621704102
90_0	0.0870516300201416	0.08728742599487305
90_1	0.11919426918029785	0.08682060241699219
90_2	0.17544198036193848	0.08928632736206055
90_3	0.08998847007751465	0.08666729927062988
90_4	0.11887240409851074	0.08684492111206055
90_5	0.08733677864074707	0.08699703216552734
90_6	0.24418067932128906	0.08915305137634277
90_7	0.05719447135925293	0.08586716651916504
90_8	0.08611679077148438	0.08646297454833984
90_9	0.05792427062988281	0.08446097373962402
90_10	0.058530330657958984	0.08639645576477051
91_0	0.09839820861816406	0.2410449981689453
91_1	0.09139299392700195	0.175370454788208
91_2	0.08336353302001953	0.1605684757232666
91_3	0.08269500732421875	0.15632057189941406
91_4	0.09037947654724121	0.1715245246887207
92_0	0.009584426879882812	0.009716033935546875
92_1	0.014359712600708008	0.02912116050720215
92_2	0.014516830444335938	0.029825687408447266
93_0	0.01433110237121582	0.014580726623535156
93_1	0.014499902725219727	0.01448369026184082
93_2	0.014665603637695312	0.014607429504394531
93_3	0.015005111694335938	0.014445304870605469
93_4	0.015077590942382812	0.014608383178710938
94_0	0.011002302169799805	0.011443853378295898
94_1	0.01106882095336914	0.011257410049438477
94_2	0.009984493255615234	0.009968757629394531
94_3	0.011147499084472656	0.011578798294067383
94_4	0.011075496673583984	0.011677026748657227
94_5	0.010727167129516602	0.011995315551757812
94_6	0.011547565460205078	0.011706829071044922
94_7	0.014082908630371094	0.011290550231933594
94_8	0.01512289047241211	0.011873245239257812
95_0	0.02041172981262207	0.033875226974487305
95_1	0.009747505187988281	0.019762754440307617
95_2	0.01945209503173828	0.02075648307800293
95_3	0.022392749786376953	0.022401809692382812
96_0	0.010029077529907227	0.010068178176879883
96_1	0.009918689727783203	0.009753942489624023
96_2	0.009809494018554688	0.010229110717773438
96_3	0.0101776123046875	0.01045846939086914
96_4	0.010655879974365234	0.011829137802124023
96_5	0.010035276412963867	0.010381698608398438
96_6	0.010694503784179688	0.015636205673217773
97_0	0.010321855545043945	0.01045536994934082
97_1	0.0002791881561279297	0.0002300739288330078
97_2	0.0002377033233642578	0.00022530555725097656
97_3	0.009702682495117188	0.009838342666625977
97_4	0.00025343894958496094	0.0002276897430419922
97_5	0.010075807571411133	0.009385108947753906
97_6	0.010149002075195312	0.009731769561767578
97_7	0.009786367416381836	0.009824275970458984
98_0	0.059480905532836914	0.05909442901611328
98_1	0.06128239631652832	0.06261181831359863
98_2	0.06152033805847168	0.0968327522277832
98_3	0.09810304641723633	0.09815263748168945
98_4	0.06353235244750977	0.09441900253295898
98_5	0.06194758415222168	0.0598454475402832
98_6	0.06273579597473145	0.0933990478515625
98_7	0.0599367618560791	0.06037306785583496
99_0	0.06644344329833984	0.0664663314819336
99_1	0.010872364044189453	0.06852197647094727
99_2	0.07155537605285645	0.06476807594299316
99_3	0.02218317985534668	0.07040572166442871
99_4	0.012192964553833008	0.0666053295135498
99_5	0.022034406661987305	0.06685233116149902
99_6	-1.0	0.06734061241149902
99_7	0.016175031661987305	0.06764411926269531
100_0	0.21658587455749512	0.06760787963867188
100_1	0.1400606632232666	0.06691145896911621
100_2	0.06445693969726562	0.06678509712219238
100_3	0.15455842018127441	0.06816887855529785
100_4	0.09568214416503906	0.06721282005310059
100_5	0.07367110252380371	0.06788206100463867
100_6	0.1254875659942627	0.06611037254333496
100_7	0.12380504608154297	0.06783103942871094
101_0	-1.0	0.10007095336914062
101_1	-1.0	0.10008931159973145
101_2	-1.0	0.10026979446411133
101_3	0.1118628978729248	0.10144734382629395
101_4	0.09766268730163574	0.10072493553161621
101_5	0.09723520278930664	0.10224127769470215
101_6	-1.0	0.10269689559936523
102_0	0.008375406265258789	0.008795738220214844
102_1	0.008393049240112305	0.00850987434387207
102_2	0.00815892219543457	0.008394718170166016
102_3	0.008197307586669922	0.008443832397460938
102_4	0.00794219970703125	0.008358240127563477
102_5	0.008187055587768555	0.007965326309204102
102_6	0.009293794631958008	0.008253097534179688
102_7	-1.0	0.008976459503173828
103_0	0.009978055953979492	0.010386943817138672
103_1	0.009862661361694336	0.01002049446105957
103_2	0.010777950286865234	0.01095128059387207
103_3	0.010015010833740234	0.010624885559082031
103_4	0.009949684143066406	0.010745763778686523
103_5	0.010083675384521484	0.009900093078613281
103_6	0.014076948165893555	0.010006189346313477
103_7	0.00037384033203125	0.008717060089111328
104_0	0.06701254844665527	0.06809830665588379
104_1	0.06576347351074219	0.06715941429138184
104_2	0.06577801704406738	0.06769466400146484
104_3	0.09448623657226562	0.08779454231262207
104_4	0.065582275390625	0.06727886199951172
104_5	0.09146404266357422	0.06781983375549316
104_6	0.06414532661437988	0.07068204879760742
104_7	0.0656893253326416	0.06800460815429688
105_0	0.014634847640991211	0.00013828277587890625
105_1	0.08837652206420898	0.00014853477478027344
105_2	0.08789229393005371	0.00014543533325195312
105_3	0.00015234947204589844	0.0001366138458251953
105_4	0.014232158660888672	0.00021457672119140625
105_5	0.0001862049102783203	0.0001461505889892578
106_0	0.05874466896057129	0.09053778648376465
106_1	0.055680036544799805	0.05626416206359863
106_2	0.05635976791381836	0.0581209659576416
106_3	0.12539291381835938	0.06207990646362305
106_4	0.05698132514953613	0.06010842323303223
106_5	0.05949878692626953	0.09164595603942871
106_6	0.05704832077026367	0.05657529830932617
107_0	0.05818462371826172	0.056661367416381836
107_1	0.05335068702697754	0.0546417236328125
107_2	0.0606839656829834	0.05637192726135254
107_3	0.05466794967651367	0.07847142219543457
107_4	0.07455921173095703	0.0512537956237793
107_5	0.05222821235656738	0.052399396896362305
107_6	0.06322002410888672	0.05405759811401367
108_0	0.013968706130981445	0.011160135269165039
108_1	0.016310453414916992	0.011162042617797852
108_2	0.010392189025878906	0.010674715042114258
108_3	0.014373064041137695	0.010498762130737305
108_4	0.01088094711303711	0.010961771011352539
108_5	0.01056528091430664	0.010826349258422852
108_6	0.012500524520874023	0.011609792709350586
108_7	0.17357206344604492	0.010987043380737305
109_0	0.021662235260009766	0.05094170570373535
109_1	0.45976710319519043	0.04952383041381836
109_2	0.09032559394836426	0.050524234771728516
109_3	0.013051748275756836	0.05125927925109863
109_4	0.32549095153808594	0.05076861381530762
109_5	0.03459286689758301	0.051232337951660156
109_6	31.0	0.05015969276428223
109_7	-1.0	0.0522913932800293
110_0	0.0001544952392578125	0.00013756752014160156
110_1	0.00015234947204589844	0.0001347064971923828
110_2	0.00020575523376464844	0.0001361370086669922
110_3	0.00015735626220703125	0.0001347064971923828
110_4	0.00015234947204589844	0.00013518333435058594
110_5	0.00014662742614746094	0.00016999244689941406
110_6	0.011600971221923828	0.00013756752014160156
111_0	0.05791330337524414	0.0575261116027832
111_1	0.05769062042236328	0.05592060089111328
111_2	0.05605149269104004	0.0572657585144043
111_3	-1.0	0.05823206901550293
111_4	0.05673837661743164	0.05573678016662598
111_5	0.05750465393066406	0.0578460693359375
111_6	0.06562185287475586	0.05908846855163574
112_0	0.06258416175842285	0.059375762939453125
112_1	0.06308484077453613	0.056882381439208984
112_2	0.05494046211242676	0.056969642639160156
112_3	0.05524420738220215	0.054564714431762695
112_4	0.05472230911254883	0.057216644287109375
112_5	0.06273341178894043	0.05660104751586914
113_0	0.02060532569885254	0.0399935245513916
113_1	0.0001480579376220703	0.03936910629272461
113_2	0.1000361442565918	0.039639949798583984
113_3	0.1056814193725586	0.04282355308532715
113_4	-1.0	0.04190373420715332
113_5	-1.0	0.04118061065673828
114_0	0.01790618896484375	0.06974601745605469
114_1	0.014852285385131836	0.07004499435424805
114_2	0.024753332138061523	0.024819374084472656
114_3	0.01819586753845215	0.0717926025390625
114_4	0.017735719680786133	0.06987571716308594
114_5	0.010344505310058594	0.06991958618164062
114_6	0.017719030380249023	0.0695807933807373
115_0	0.10844898223876953	0.1323542594909668
115_1	0.010654211044311523	0.09564805030822754
115_2	-1.0	0.09495091438293457
115_3	0.11090350151062012	0.09500813484191895
115_4	0.1122891902923584	0.09704756736755371
115_5	0.030652284622192383	0.09877157211303711
115_6	-1.0	0.09448027610778809
116_0	0.010492801666259766	0.010669708251953125
116_1	0.010267019271850586	0.010294437408447266
116_2	0.010478734970092773	0.010461568832397461
116_3	0.010210514068603516	0.010356426239013672
116_4	0.010582208633422852	0.01088261604309082
116_5	0.01110696792602539	0.011330366134643555
116_6	0.01024627685546875	0.010277032852172852
116_7	0.010581016540527344	0.01024174690246582
117_0	0.015841007232666016	0.015192985534667969
117_1	0.01881551742553711	0.015146732330322266
117_2	0.015357255935668945	0.015158891677856445
117_3	0.18536138534545898	0.01528620719909668
117_4	0.2641739845275879	0.017122745513916016
117_5	0.01555323600769043	0.01737523078918457
118_0	0.0592958927154541	0.059812068939208984
118_1	0.059426069259643555	0.05906939506530762
118_2	0.05933976173400879	0.05973625183105469
118_3	0.05933570861816406	0.0584566593170166
118_4	0.05915641784667969	0.05930495262145996
118_5	0.05865931510925293	0.06248188018798828
118_6	0.05731964111328125	0.05633068084716797
118_7	0.05701899528503418	0.05573749542236328
119_0	0.010865211486816406	0.011277437210083008
119_1	0.010010004043579102	0.010235071182250977
119_2	0.009785652160644531	0.010023832321166992
119_3	0.009821891784667969	0.010302066802978516
119_4	0.009902000427246094	0.009685277938842773
119_5	0.009756326675415039	0.010042905807495117
119_6	0.0399477481842041	0.011827468872070312
119_7	0.010039567947387695	0.011320829391479492
120_0	0.010332345962524414	0.010379791259765625
120_1	0.009306907653808594	0.009566783905029297
120_2	0.009900093078613281	0.011551618576049805
120_3	0.10495281219482422	0.011338233947753906
120_4	0.010027885437011719	0.011153697967529297
120_5	0.010480403900146484	0.010390520095825195
120_6	0.01684260368347168	0.010328054428100586
121_0	0.05307960510253906	0.05239081382751465
121_1	0.054732322692871094	0.0543670654296875
121_2	0.055075883865356445	0.05391240119934082
121_3	0.05603957176208496	0.05588936805725098
121_4	0.05239987373352051	0.05244183540344238
121_5	0.062427520751953125	0.053778886795043945
121_6	0.05222749710083008	0.05222654342651367
122_0	0.06012606620788574	0.06376457214355469
122_1	0.06082892417907715	0.06399130821228027
122_2	0.010927200317382812	0.06411075592041016
122_3	0.06284117698669434	0.06002068519592285
122_4	0.056603431701660156	0.056037187576293945
122_5	0.07208514213562012	0.05888080596923828
122_6	0.05513644218444824	0.06056642532348633
123_0	0.020368576049804688	0.020766735076904297
123_1	0.020689010620117188	0.020779132843017578
123_2	0.0201416015625	0.020273923873901367
123_3	0.013065814971923828	0.020241975784301758
123_4	0.04886221885681152	0.020043134689331055
123_5	-1.0	0.01992034912109375
123_6	0.017840147018432617	0.020396709442138672
123_7	0.013097524642944336	0.02035999298095703
123_8	0.020746946334838867	0.020355224609375
124_0	0.013365507125854492	0.01376795768737793
124_1	0.012990474700927734	0.013087034225463867
124_2	0.013430595397949219	0.013296842575073242
124_3	0.013089895248413086	0.013663768768310547
124_4	0.013441801071166992	0.013684988021850586
124_5	0.00015974044799804688	0.00013017654418945312
124_6	0.041976213455200195	0.0001480579376220703
124_7	-1.0	0.00018596649169921875
125_0	0.07120990753173828	0.06978178024291992
125_1	0.0708773136138916	0.07097005844116211
125_2	0.06832027435302734	0.06961846351623535
125_3	0.07294607162475586	0.06923317909240723
125_4	0.06920814514160156	0.07130932807922363
125_5	0.07686972618103027	0.0704498291015625
125_6	0.07089042663574219	0.07233929634094238
125_7	0.06944632530212402	0.07097268104553223
125_8	0.0708150863647461	0.07329416275024414
126_0	0.010141849517822266	0.03493690490722656
126_1	0.011199712753295898	0.03369450569152832
126_2	0.15592050552368164	0.03381013870239258
126_3	0.008328914642333984	0.032120466232299805
126_4	0.008524894714355469	0.03343033790588379
126_5	0.007995128631591797	0.034368276596069336
126_6	0.008174896240234375	0.033930301666259766
126_7	0.008337736129760742	0.03222465515136719
126_8	0.008015632629394531	0.032337188720703125
127_0	0.00016188621520996094	0.00013589859008789062
127_1	0.0001709461212158203	0.0003726482391357422
127_2	0.00017070770263671875	0.00014209747314453125
127_3	0.00016236305236816406	0.000148773193359375
127_4	0.00018405914306640625	0.00015854835510253906
127_5	0.0003666877746582031	0.00016832351684570312
127_6	0.00019216537475585938	0.00018072128295898438
127_7	0.00016880035400390625	0.0001480579376220703
127_8	0.021734237670898438	0.022252798080444336
128_0	0.009842872619628906	0.010401487350463867
128_1	0.010160446166992188	0.009809494018554688
128_2	0.013497591018676758	0.010837554931640625
128_3	0.010060787200927734	0.00982975959777832
128_4	0.016463518142700195	0.012027978897094727
128_5	-1.0	0.011249303817749023
128_6	0.011478662490844727	0.010634660720825195
129_0	0.009283781051635742	0.009232282638549805
129_1	0.009335517883300781	0.008978843688964844
129_2	0.009296655654907227	0.009444713592529297
129_3	0.08175396919250488	0.009315729141235352
129_4	0.009507894515991211	0.009231328964233398
129_5	0.011576175689697266	0.009213447570800781
129_6	0.07875895500183105	0.009576797485351562
129_7	0.009118795394897461	0.008818626403808594
129_8	0.011398792266845703	0.009082555770874023
129_9	0.00880289077758789	0.008695363998413086
130_0	0.05808258056640625	0.057625770568847656
130_1	0.057424068450927734	0.05772662162780762
130_2	0.1154944896697998	0.05727887153625488
130_3	0.0575871467590332	0.05886578559875488
130_4	0.05810356140136719	0.05725979804992676
130_5	0.09738421440124512	0.05778169631958008
130_6	0.12015390396118164	0.05792593955993652
130_7	0.01564168930053711	0.06014275550842285
131_0	0.01017904281616211	0.010071039199829102
131_1	0.009881019592285156	0.010384798049926758
131_2	0.009902715682983398	0.010582685470581055
131_3	0.010448217391967773	0.009998083114624023
132_0	0.05413079261779785	0.06041240692138672
132_1	0.05923151969909668	0.08151125907897949
132_2	-1.0	0.06021404266357422
132_3	0.13310694694519043	0.059494733810424805
132_4	0.057428598403930664	0.05652880668640137
132_5	0.05706357955932617	0.058188676834106445
133_0	0.01655292510986328	0.14389848709106445
133_1	0.023904800415039062	0.14458632469177246
133_2	0.02144908905029297	0.14420843124389648
133_3	0.024854183197021484	0.14778828620910645
133_4	0.01709723472595215	0.14676761627197266
133_5	0.024374723434448242	0.14270758628845215
133_6	0.025152206420898438	0.14717626571655273
133_7	0.016900300979614258	0.14406371116638184
134_0	0.01748371124267578	0.019853591918945312
134_1	0.015935659408569336	0.019691944122314453
134_2	0.01735520362854004	0.017337560653686523
134_3	0.01957392692565918	0.023719310760498047
134_4	0.017294883728027344	0.020844459533691406
134_5	0.018485546112060547	0.020806550979614258
134_6	0.017231225967407227	0.02184605598449707
134_7	0.2397933006286621	0.018115997314453125
135_0	0.055320024490356445	0.05326414108276367
135_1	0.053578853607177734	0.054825782775878906
135_2	0.09117388725280762	0.08460426330566406
135_3	0.05472588539123535	0.05535745620727539
135_4	0.05191326141357422	0.05293536186218262
135_5	0.09000253677368164	0.05594968795776367
135_6	0.05065751075744629	0.05247783660888672
135_7	0.05178999900817871	0.05058121681213379
135_8	0.051515817642211914	0.051439762115478516
135_9	0.05292677879333496	0.05377840995788574
135_10	0.06018233299255371	0.05306601524353027
136_0	0.01394963264465332	0.0010461807250976562
136_1	0.00016236305236816406	0.00018978118896484375
136_2	0.0001590251922607422	0.00018548965454101562
136_3	0.00017118453979492188	0.0001819133758544922
136_4	0.014613866806030273	0.0012888908386230469
136_5	0.012284517288208008	0.0005123615264892578
136_6	0.011450767517089844	0.0004868507385253906
136_7	0.00042819976806640625	0.0004277229309082031
137_0	0.0001728534698486328	0.00019621849060058594
137_1	0.0001666545867919922	0.00021386146545410156
137_2	0.01746058464050293	0.0003075599670410156
137_3	0.08913922309875488	0.00017714500427246094
137_4	0.012390851974487305	0.0006132125854492188
137_5	0.014658451080322266	0.00034809112548828125
137_6	0.0001823902130126953	0.0002028942108154297
137_7	0.01112055778503418	0.0004341602325439453
137_8	0.01509404182434082	0.00040531158447265625
138_0	0.00972437858581543	0.01018524169921875
138_1	0.009680986404418945	0.009964466094970703
138_2	-1.0	0.00015592575073242188
138_3	0.01018381118774414	0.00017714500427246094
139_0	0.012740612030029297	0.0877385139465332
139_1	0.00023126602172851562	0.10388875007629395
139_2	0.012922286987304688	0.09121036529541016
139_3	0.012977361679077148	0.08578991889953613
139_4	0.028896331787109375	0.08860158920288086
139_5	0.021942615509033203	0.08839750289916992
139_6	0.012926816940307617	0.08862495422363281
139_7	0.013350248336791992	0.08841967582702637
139_8	-1.0	0.08819103240966797
140_0	0.016460657119750977	0.022697925567626953
140_1	0.016818523406982422	0.02122044563293457
140_2	0.012079000473022461	0.013687372207641602
140_3	0.015741586685180664	0.01687169075012207
140_4	0.0113372802734375	0.013222455978393555
140_5	0.011570215225219727	0.013274192810058594
140_6	0.016507863998413086	0.01694345474243164
140_7	0.011409997940063477	0.017337560653686523
141_0	0.0001652240753173828	0.00016570091247558594
141_1	0.00016570091247558594	0.00021886825561523438
141_2	0.000164031982421875	0.0001723766326904297
141_3	0.00020885467529296875	0.0005023479461669922
141_4	0.00016355514526367188	0.00018525123596191406
141_5	0.00018978118896484375	0.00017690658569335938
141_6	0.0001735687255859375	0.00016927719116210938
141_7	0.06781125068664551	0.00013208389282226562
142_0	0.06135964393615723	0.020229339599609375
142_1	0.009709358215332031	0.01031637191772461
142_2	0.009542465209960938	0.010033845901489258
142_3	0.010166406631469727	0.009966135025024414
142_4	0.009912490844726562	0.01023411750793457
142_5	0.010172843933105469	0.010636568069458008
142_6	0.009865283966064453	0.009961128234863281
142_7	0.010422945022583008	0.010260343551635742
142_8	0.010060310363769531	0.010435342788696289
142_9	0.010045766830444336	0.010658502578735352
142_10	0.01116323471069336	0.010945320129394531
142_11	0.011339902877807617	0.010686159133911133
143_0	0.009500265121459961	0.012295007705688477
143_1	0.009598970413208008	0.012138128280639648
143_2	0.010119915008544922	0.01316523551940918
143_3	0.009678363800048828	0.012569665908813477
143_4	0.009808063507080078	0.01259613037109375
143_5	0.011728763580322266	0.00014066696166992188
143_6	0.011728048324584961	0.0001354217529296875
143_7	0.013644695281982422	0.0003039836883544922
143_8	0.009955406188964844	0.01681232452392578
143_9	0.00017499923706054688	0.00015425682067871094
144_0	0.10578393936157227	0.10227131843566895
144_1	0.1052389144897461	0.1022636890411377
144_2	0.10403847694396973	0.10506939888000488
144_3	0.10453915596008301	0.10621833801269531
144_4	0.10442471504211426	0.10251855850219727
144_5	0.10384774208068848	0.10298728942871094
144_6	0.1040949821472168	0.10195302963256836
144_7	-1.0	0.10487985610961914
145_0	0.012150049209594727	0.020532846450805664
145_1	0.011014699935913086	0.012586355209350586
145_2	0.013744592666625977	0.020833492279052734
145_3	0.013378143310546875	0.01627635955810547
145_4	0.012785673141479492	0.022778034210205078
145_5	0.011367321014404297	0.012767314910888672
145_6	0.01645207405090332	0.021562576293945312
145_7	0.012433290481567383	0.02026677131652832
145_8	0.1760246753692627	0.021317243576049805
145_9	0.011324882507324219	0.02248692512512207
146_0	0.06664896011352539	0.06699538230895996
146_1	0.06608891487121582	0.06632018089294434
146_2	0.06665682792663574	0.0671091079711914
146_3	0.06801986694335938	0.06957864761352539
146_4	0.06578469276428223	0.06781673431396484
146_5	0.07433485984802246	0.07718229293823242
146_6	0.0657510757446289	0.06637406349182129
146_7	0.06602787971496582	0.06653237342834473
146_8	0.06702256202697754	0.0685262680053711
146_9	0.07677793502807617	0.07913017272949219
147_0	0.011549949645996094	0.012534856796264648
147_1	0.011900663375854492	0.012027263641357422
147_2	0.14064311981201172	0.011780738830566406
147_3	0.0001437664031982422	0.012137651443481445
147_4	0.011266469955444336	0.011358976364135742
147_5	0.011681318283081055	0.011885404586791992
147_6	0.011444568634033203	0.011565685272216797
147_7	0.011646032333374023	0.011959552764892578
147_8	0.21722412109375	0.012049198150634766
148_0	0.22747087478637695	0.16193532943725586
148_1	0.02339935302734375	0.1814563274383545
148_2	0.17769217491149902	0.16433167457580566
148_3	31.0	0.17311930656433105
148_4	0.27393078804016113	0.16759824752807617
148_5	0.17211699485778809	0.1707005500793457
148_6	0.2627120018005371	0.1729130744934082
148_7	31.0	0.1693730354309082
148_8	-1.0	0.1731271743774414
148_9	0.0530552864074707	0.16926336288452148
148_10	-1.0	0.16838431358337402
148_11	0.02736639976501465	0.1697244644165039
148_12	0.16834545135498047	0.16704034805297852
148_13	0.49359893798828125	0.17029690742492676
148_14	0.2443218231201172	0.1708674430847168
148_15	0.1910388469696045	0.17127513885498047
148_16	0.2561509609222412	0.17330574989318848
149_0	0.06093144416809082	0.061773061752319336
149_1	0.06092476844787598	0.06089067459106445
149_2	0.06027340888977051	0.06203651428222656
149_3	0.060982465744018555	0.06152796745300293
149_4	0.06119370460510254	0.0621645450592041
149_5	0.06326007843017578	0.061708927154541016
149_6	0.09934520721435547	0.06317543983459473
149_7	0.0623936653137207	0.06386923789978027
149_8	0.06156158447265625	0.06114697456359863
149_9	0.062454938888549805	0.062427520751953125
149_10	0.06224370002746582	0.062341928482055664
149_11	0.06207466125488281	0.0620572566986084
149_12	0.0623321533203125	0.062279462814331055
149_13	0.06168818473815918	0.06148409843444824
149_14	0.06131124496459961	0.06253194808959961
149_15	0.06185507774353027	0.06208467483520508
149_16	0.06201362609863281	0.06163454055786133
149_17	0.06259489059448242	0.06120467185974121
149_18	0.06254696846008301	0.060738563537597656
149_19	0.06123638153076172	0.06126880645751953
149_20	0.06107044219970703	0.061647891998291016
149_21	0.06140494346618652	0.06194448471069336
149_22	0.06108355522155762	0.06158256530761719
149_23	0.06170010566711426	0.062120914459228516
149_24	0.06107139587402344	0.06185722351074219
149_25	0.06152701377868652	0.061968088150024414
149_26	0.060353994369506836	0.0613398551940918
149_27	0.061240196228027344	0.06206917762756348
149_28	0.061429500579833984	0.06256222724914551
149_29	0.09782862663269043	0.06086325645446777
150_0	0.11219477653503418	0.11256790161132812
150_1	0.10888862609863281	0.1397550106048584
150_2	0.010648965835571289	0.15921616554260254
150_3	0.011428117752075195	0.15748810768127441
150_4	0.022372961044311523	0.16056346893310547
150_5	0.07519173622131348	0.16550230979919434
151_0	0.01022791862487793	0.010050058364868164
151_1	0.010224103927612305	0.010277032852172852
151_2	0.01507568359375	0.01063394546508789
151_3	0.010146379470825195	0.01432037353515625
151_4	0.01026010513305664	0.010299921035766602
151_5	0.013484001159667969	0.010071277618408203
151_6	0.010177850723266602	0.010503768920898438
152_0	0.010550975799560547	0.010666131973266602
152_1	-1.0	0.015701770782470703
152_2	0.010452508926391602	0.010469675064086914
152_3	0.011159658432006836	0.01109933853149414
152_4	0.010485649108886719	0.010529518127441406
152_5	0.011107206344604492	0.011182785034179688
152_6	0.01307535171508789	0.011847972869873047
153_0	0.014184951782226562	0.015073060989379883
153_1	0.014195680618286133	0.014934778213500977
153_2	0.014414548873901367	0.015006780624389648
153_3	0.014505863189697266	0.014937400817871094
153_4	0.014531850814819336	0.014852523803710938
153_5	0.02311849594116211	0.01421666145324707
153_6	0.014943122863769531	0.014675378799438477
154_0	0.026136159896850586	0.14359760284423828
154_1	0.0001742839813232422	0.12442684173583984
154_2	0.03966379165649414	0.10842680931091309
154_3	0.11224699020385742	0.12013101577758789
154_4	0.00018072128295898438	0.12720823287963867
154_5	0.033391714096069336	0.14365577697753906
154_6	0.10429573059082031	0.12258481979370117
155_0	0.01654529571533203	0.014348506927490234
155_1	0.01820540428161621	0.024168014526367188
155_2	0.014314413070678711	0.013965368270874023
155_3	0.015125036239624023	0.015302181243896484
155_4	0.020972013473510742	0.01498723030090332
155_5	0.015972137451171875	0.03864169120788574
155_6	0.014162778854370117	0.014070987701416016
155_7	0.014058589935302734	0.014290571212768555
156_0	0.019092559814453125	0.032714128494262695
156_1	0.0303955078125	0.020931243896484375
156_2	0.014765024185180664	0.018902301788330078
156_3	0.018891334533691406	0.019887685775756836
156_4	0.014239072799682617	0.015270471572875977
156_5	0.019253253936767578	0.01936626434326172
156_6	0.0204465389251709	0.01943659782409668
156_7	0.014487028121948242	0.014542579650878906
157_0	0.174027681350708	0.28887367248535156
157_1	0.1135091781616211	0.1845548152923584
157_2	-1.0	0.1926591396331787
157_3	0.11898517608642578	0.19255614280700684
157_4	0.11911249160766602	0.19170093536376953
157_5	0.11366081237792969	0.18924903869628906
157_6	0.5791230201721191	0.1944591999053955
157_7	-1.0	0.19521284103393555
157_8	0.12739181518554688	0.19327998161315918
158_0	0.10726165771484375	0.19086384773254395
158_1	0.12191963195800781	0.1865246295928955
158_2	0.3966097831726074	0.1901540756225586
158_3	0.12233829498291016	0.19332337379455566
158_4	0.11465644836425781	0.1844007968902588
158_5	-1.0	0.1948249340057373
158_6	0.11526989936828613	0.1935412883758545
158_7	0.2380368709564209	0.1798112392425537
159_0	0.020260095596313477	0.15097880363464355
159_1	0.018975257873535156	0.15157151222229004
159_2	0.027096986770629883	0.14909005165100098
159_3	0.020244598388671875	0.14993762969970703
159_4	0.017271041870117188	0.15548205375671387
159_5	0.07885909080505371	0.3963661193847656
159_6	0.08654284477233887	0.14410853385925293
159_7	0.007142066955566406	0.37717485427856445
159_8	0.0792691707611084	0.15005016326904297
159_9	0.07860088348388672	0.15107297897338867
159_10	0.08528470993041992	0.14788150787353516
159_11	0.0172879695892334	0.142042875289917
160_0	0.0730295181274414	0.0656585693359375
160_1	0.06673312187194824	0.18014955520629883
160_2	0.07450413703918457	0.06650590896606445
160_3	0.07215595245361328	0.06744551658630371
160_4	0.00015091896057128906	0.0804297924041748
160_5	0.06454038619995117	0.07267522811889648
160_6	0.07308268547058105	0.31762146949768066
160_7	0.06543707847595215	0.07348489761352539
160_8	0.0658576488494873	0.08189010620117188
160_9	0.06322073936462402	0.07422947883605957
160_10	0.07311272621154785	0.07853221893310547
160_11	0.07364344596862793	0.07081103324890137
161_0	0.010040044784545898	0.014491796493530273
161_1	0.009662866592407227	0.013600349426269531
161_2	0.010106563568115234	0.01371312141418457
161_3	0.00983428955078125	0.013445138931274414
161_4	0.010710954666137695	0.014253616333007812
161_5	0.009955406188964844	0.01306605339050293
161_6	0.009797096252441406	0.014165878295898438
161_7	0.009656906127929688	0.013057708740234375
161_8	0.00997304916381836	0.014347553253173828
162_0	0.025901317596435547	0.02977299690246582
162_1	0.011104583740234375	0.01424098014831543
162_2	0.011056184768676758	0.01412343978881836
162_3	0.010954141616821289	0.014192342758178711
162_4	0.01050710678100586	0.013889789581298828
162_5	0.027579307556152344	0.028819799423217773
162_6	0.010745525360107422	0.013392925262451172
162_7	0.01345682144165039	0.01401662826538086
162_8	0.01048135757446289	0.01365041732788086
162_9	0.011015653610229492	0.014136075973510742
163_0	0.011305570602416992	0.01122736930847168
163_1	0.4324305057525635	0.011640310287475586
163_2	0.01112222671508789	0.010531187057495117
163_3	0.010081291198730469	0.010064363479614258
163_4	0.010253190994262695	0.010629653930664062
163_5	0.009830236434936523	0.010108232498168945
163_6	0.015402793884277344	0.011061668395996094
163_7	0.00989079475402832	0.01070547103881836
164_0	0.18094086647033691	0.09762406349182129
164_1	0.12464594841003418	0.1048741340637207
164_2	0.45013928413391113	0.10077476501464844
164_3	0.09437084197998047	0.09991574287414551
164_4	0.09146523475646973	0.09721970558166504
164_5	0.18320107460021973	0.09012174606323242
164_6	0.6614749431610107	0.09326815605163574
164_7	0.10062170028686523	0.09360623359680176
165_0	0.02131509780883789	0.04877066612243652
165_1	0.014313697814941406	0.07014322280883789
165_2	0.03159761428833008	0.04886579513549805
165_3	0.021239519119262695	0.04824495315551758
165_4	0.02074122428894043	0.048276662826538086
165_5	0.022797822952270508	0.04880189895629883
165_6	0.1949779987335205	0.04923653602600098
165_7	0.020954370498657227	0.04960823059082031
166_0	0.12072277069091797	0.18946290016174316
166_1	0.1281440258026123	0.14960408210754395
166_2	0.17451214790344238	0.11672043800354004
166_3	0.11042618751525879	0.10286450386047363
166_4	0.11027979850769043	0.11053895950317383
166_5	0.11930251121520996	0.10687994956970215
166_6	-1.0	0.11462974548339844
167_0	0.05666923522949219	0.0002129077911376953
167_1	0.00019979476928710938	0.00020456314086914062
167_2	0.07555341720581055	0.0004267692565917969
167_3	0.00019502639770507812	0.0002334117889404297
167_4	0.0002906322479248047	0.00019216537475585938
167_5	0.00020360946655273438	0.00020837783813476562
167_6	0.07353568077087402	0.0001537799835205078
168_0	0.011010885238647461	0.01051473617553711
168_1	0.01122283935546875	0.011196374893188477
168_2	0.013130426406860352	0.012160301208496094
168_3	0.011488676071166992	0.012461662292480469
168_4	0.012294769287109375	0.011551141738891602
168_5	0.011267662048339844	0.011568784713745117
168_6	0.011114835739135742	0.011012554168701172
168_7	0.01248478889465332	0.011627435684204102
168_8	0.010693073272705078	0.011544942855834961
168_9	0.011594772338867188	0.011890649795532227
169_0	0.01692795753479004	0.47393369674682617
169_1	0.016924142837524414	0.15032315254211426
169_2	0.013216018676757812	0.13481521606445312
169_3	0.03443574905395508	0.13056349754333496
169_4	0.028169631958007812	0.14229059219360352
169_5	0.011682510375976562	0.1410672664642334
169_6	0.016067981719970703	0.13587570190429688
169_7	0.01927638053894043	0.15010714530944824
170_0	0.0260617733001709	0.2562415599822998
170_1	0.027465105056762695	0.1691296100616455
170_2	0.02988910675048828	0.15484356880187988
170_3	0.0001456737518310547	0.15547990798950195
170_4	0.01469111442565918	0.158036470413208
170_5	-1.0	0.15810370445251465
170_6	0.026348590850830078	0.1548624038696289
170_7	0.016753673553466797	0.15686535835266113
170_8	0.04000282287597656	0.15340209007263184
171_0	0.011505126953125	0.013252735137939453
171_1	0.02320718765258789	0.024672985076904297
171_2	0.05615067481994629	0.024505615234375
171_3	0.019159555435180664	0.012651443481445312
171_4	0.08732080459594727	0.02530360221862793
171_5	0.00015354156494140625	0.03437399864196777
171_6	-1.0	0.025199174880981445
171_7	0.03547191619873047	0.025501728057861328
171_8	0.00014853477478027344	0.024791717529296875
171_9	0.03777146339416504	0.024733781814575195
171_10	0.115570068359375	0.025067806243896484
171_11	31.0	0.025273799896240234
172_0	0.023441314697265625	0.026769161224365234
172_1	0.013784408569335938	0.01367497444152832
172_2	0.012014627456665039	0.013618230819702148
172_3	0.012074947357177734	0.013311386108398438
172_4	0.01177668571472168	0.014528274536132812
172_5	0.011997699737548828	0.014110088348388672
172_6	0.011773347854614258	0.013504505157470703
172_7	0.01652383804321289	0.013588190078735352
172_8	0.01232147216796875	0.01848006248474121
172_9	0.01663661003112793	0.026221275329589844
172_10	-1.0	0.025925159454345703
173_0	0.011658906936645508	0.010642528533935547
173_1	0.010528564453125	0.011836528778076172
173_2	0.011006593704223633	0.010944128036499023
173_3	0.010461568832397461	0.011582136154174805
173_4	0.01064610481262207	0.010701894760131836
173_5	0.011028766632080078	0.011006832122802734
173_6	0.011680126190185547	0.010891199111938477
173_7	0.010473966598510742	0.011244535446166992
173_8	0.010920047760009766	0.011130332946777344
173_9	0.010537385940551758	0.011444330215454102
173_10	0.01093912124633789	0.011423587799072266
174_0	0.09293198585510254	0.10044407844543457
174_1	0.1324152946472168	0.10949087142944336
174_2	0.10217142105102539	0.10317230224609375
174_3	0.09905052185058594	0.09919285774230957
174_4	0.1015775203704834	0.09996342658996582
174_5	0.11521363258361816	0.10376119613647461
174_6	0.1780555248260498	0.09095954895019531
174_7	0.20088934898376465	0.42638111114501953
174_8	1.0591421127319336	0.10218667984008789
175_0	0.07615065574645996	0.09049439430236816
175_1	0.08345890045166016	0.07391142845153809
175_2	0.07771015167236328	0.07574081420898438
175_3	0.07849979400634766	0.07386231422424316
175_4	0.5787837505340576	0.07413244247436523
175_5	0.08426618576049805	0.10007405281066895
175_6	0.07628059387207031	0.08046984672546387
175_7	0.10070061683654785	0.07620501518249512
175_8	0.1084132194519043	0.08643198013305664
176_0	0.01155710220336914	0.013389825820922852
176_1	0.17870879173278809	0.020483016967773438
176_2	0.17561817169189453	0.020881175994873047
176_3	0.0449373722076416	0.020381450653076172
176_4	0.16957497596740723	0.020943403244018555
176_5	0.011304855346679688	0.013081073760986328
176_6	0.012917757034301758	0.013245344161987305
176_7	0.011649131774902344	0.013024330139160156
177_0	0.01108694076538086	0.01072549819946289
177_1	0.010834693908691406	0.01174616813659668
177_2	0.010321855545043945	0.010020256042480469
177_3	0.013087034225463867	0.014145135879516602
177_4	0.011584758758544922	0.014687538146972656
177_5	0.010574579238891602	0.01026463508605957
177_6	0.011759042739868164	0.011312007904052734
178_0	0.024046897888183594	0.18640708923339844
178_1	0.06742262840270996	0.18504881858825684
178_2	0.07645630836486816	0.19318151473999023
178_3	0.06734013557434082	0.18625211715698242
178_4	0.06946969032287598	0.18552327156066895
178_5	0.08318209648132324	0.18700385093688965
178_6	31.0	0.18669748306274414
178_7	0.08858990669250488	2.6959855556488037
178_8	0.06903314590454102	0.1872248649597168
178_9	0.06809806823730469	0.1859879493713379
178_10	0.01462864875793457	0.18316102027893066
179_0	0.0003421306610107422	0.0003154277801513672
179_1	0.0003211498260498047	0.0003025531768798828
179_2	0.0003254413604736328	0.0003228187561035156
179_3	0.0003361701965332031	0.0003592967987060547
179_4	0.0003402233123779297	0.0004680156707763672
179_5	0.0003590583801269531	0.0003211498260498047
179_6	0.00032329559326171875	0.0003032684326171875
179_7	0.01015162467956543	0.0003161430358886719
179_8	0.0003676414489746094	0.00033211708068847656
180_0	0.010218143463134766	0.1201469898223877
180_1	0.01121068000793457	0.13985943794250488
180_2	0.010244369506835938	0.11813569068908691
180_3	0.010094881057739258	0.13683867454528809
180_4	0.01080775260925293	0.12046051025390625
180_5	0.01080012321472168	0.12116551399230957
180_6	0.010954856872558594	0.13874554634094238
180_7	0.01057744026184082	0.12154674530029297
180_8	0.010548591613769531	0.13762617111206055
180_9	0.010581254959106445	0.1222994327545166
181_0	0.01067352294921875	0.1367630958557129
181_1	0.013587474822998047	0.12321639060974121
181_2	0.01077723503112793	0.13828635215759277
181_3	0.011540651321411133	0.13743996620178223
181_4	0.00015687942504882812	0.1224517822265625
181_5	0.011512994766235352	0.1390221118927002
181_6	0.010630130767822266	0.13789987564086914
181_7	0.011183977127075195	0.12192749977111816
181_8	0.011567354202270508	0.13579225540161133
181_9	0.2037949562072754	0.12435698509216309
181_10	0.017490148544311523	0.1626887321472168
182_0	0.03971672058105469	0.16417455673217773
182_1	0.06092548370361328	0.21358513832092285
182_2	0.05425453186035156	0.1624586582183838
182_3	0.010187149047851562	0.13459181785583496
182_4	0.05479288101196289	0.16820526123046875
182_5	0.11973977088928223	0.16477537155151367
182_6	0.15038037300109863	0.16782712936401367
182_7	0.11584043502807617	0.17029380798339844
182_8	0.03388333320617676	0.2314741611480713
183_0	0.08394861221313477	0.07178449630737305
183_1	0.07660961151123047	0.06909346580505371
183_2	0.07826685905456543	0.07811570167541504
183_3	0.07993674278259277	0.18673372268676758
183_4	0.07990407943725586	0.10135245323181152
183_5	0.07948875427246094	0.0821831226348877
183_6	0.11534929275512695	0.07704997062683105
183_7	0.08699488639831543	0.08946514129638672
183_8	0.07840466499328613	0.08463215827941895
183_9	0.08124971389770508	0.07207918167114258
184_0	0.013418912887573242	0.015496015548706055
184_1	0.018372535705566406	0.01773834228515625
184_2	0.017313241958618164	0.01563429832458496
184_3	0.013583660125732422	0.016297340393066406
184_4	0.03513288497924805	0.03901314735412598
184_5	0.027271747589111328	0.026140928268432617
184_6	0.015116691589355469	0.03441500663757324
184_7	0.08671712875366211	0.03567624092102051
184_8	0.00016689300537109375	0.02868795394897461
184_9	0.02855658531188965	0.02836894989013672
185_0	0.19767475128173828	0.11546492576599121
185_1	0.11060142517089844	0.11692142486572266
185_2	-1.0	0.115997314453125
185_3	0.1102752685546875	0.11513233184814453
185_4	-1.0	0.1156308650970459
185_5	-1.0	0.11426329612731934
185_6	0.11377453804016113	0.10681986808776855
185_7	0.10950136184692383	0.10984468460083008
185_8	0.35109400749206543	0.12488484382629395
186_0	0.08248043060302734	0.08226680755615234
186_1	0.08363199234008789	0.09410810470581055
186_2	0.08236980438232422	0.08182954788208008
186_3	0.08211541175842285	0.08455204963684082
186_4	0.08025741577148438	0.08010673522949219
186_5	0.09290957450866699	0.0841820240020752
186_6	0.08475160598754883	0.08033967018127441
186_7	0.0834352970123291	0.07683873176574707
187_0	0.08248424530029297	0.1266460418701172
187_1	0.0938863754272461	0.09064579010009766
187_2	0.09314632415771484	0.1249995231628418
187_3	0.03921151161193848	0.09303832054138184
187_4	0.09165310859680176	0.12748503684997559
188_0	-1.0	0.08498334884643555
188_1	0.17632770538330078	0.08728361129760742
188_2	0.0961754322052002	0.08609271049499512
189_0	0.16116762161254883	0.18892312049865723
189_1	0.16268181800842285	0.19296717643737793
189_2	0.08920788764953613	0.1930990219116211
189_3	0.017065763473510742	0.19356226921081543
189_4	0.08133864402770996	0.19473481178283691
189_5	0.2417914867401123	0.19400453567504883
190_0	-1.0	0.14301514625549316
190_1	0.16634845733642578	0.1424398422241211
190_2	0.010418891906738281	0.14098477363586426
190_3	0.009883880615234375	0.14034628868103027
190_4	0.16494488716125488	0.14070749282836914
190_5	0.0157015323638916	0.14068603515625
191_0	0.039266109466552734	0.06414198875427246
191_1	0.013561010360717773	0.062363624572753906
191_2	0.0661470890045166	0.0638885498046875
191_3	0.11152386665344238	0.0625159740447998
191_4	31.0	0.06387567520141602
191_5	0.0255126953125	0.06551337242126465
192_0	0.03213000297546387	0.16714835166931152
192_1	0.013615608215332031	0.16953539848327637
192_2	0.010651350021362305	0.1655418872833252
192_3	0.013676643371582031	0.16680383682250977
192_4	0.013726949691772461	0.169036865234375
192_5	0.11843252182006836	0.16593384742736816
193_0	0.024533748626708984	0.08501172065734863
193_1	0.06398487091064453	0.0641937255859375
193_2	0.023357152938842773	0.08458590507507324
193_3	0.023828506469726562	0.08229613304138184
193_4	0.015775680541992188	0.08580517768859863
193_5	0.0991506576538086	0.08882522583007812
193_6	0.08312463760375977	0.08919024467468262
193_7	-1.0	0.08341765403747559
194_0	0.08922719955444336	0.09867310523986816
194_1	0.09782862663269043	0.09923672676086426
194_2	0.09099698066711426	0.09205317497253418
194_3	0.1267869472503662	0.0913240909576416
194_4	0.09246993064880371	0.09055972099304199
194_5	0.07694697380065918	0.10453343391418457
195_0	0.01157236099243164	0.17111849784851074
195_1	0.09085297584533691	0.17133760452270508
195_2	0.04257488250732422	0.16690373420715332
196_0	-1.0	0.08243775367736816
196_1	0.06513452529907227	0.08943676948547363
196_2	-1.0	0.09378933906555176
196_3	0.0756838321685791	0.0921180248260498
196_4	0.09108400344848633	0.09332394599914551
197_0	-1.0	0.09543085098266602
197_1	0.09124016761779785	0.09104514122009277
197_2	0.09210968017578125	0.08461356163024902
197_3	0.08571720123291016	0.09180068969726562
197_4	0.07626008987426758	0.09621381759643555
197_5	0.00935506820678711	0.0955355167388916
198_0	0.06071281433105469	0.061669349670410156
198_1	0.060884952545166016	0.06015729904174805
198_2	0.0633392333984375	0.06173992156982422
198_3	0.06224226951599121	0.060828447341918945
198_4	0.06201910972595215	0.05988955497741699
198_5	0.11221599578857422	0.06152844429016113
199_0	0.06336808204650879	0.120361328125
199_1	0.06241655349731445	0.12097001075744629
199_2	0.08855223655700684	0.12093830108642578
199_3	0.06506848335266113	0.12143254280090332
199_4	0.06455159187316895	0.12236142158508301
199_5	0.060669898986816406	0.11933588981628418
200_0	0.08816766738891602	0.08751058578491211
200_1	0.07951903343200684	0.0893259048461914
200_2	0.08199286460876465	0.08004140853881836
201_0	-1.0	0.4256577491760254
201_1	-1.0	0.4120497703552246
201_2	0.0635683536529541	0.3545644283294678
202_0	0.02150273323059082	0.06561756134033203
202_1	0.011288881301879883	0.05872488021850586
202_2	0.01142120361328125	0.05820751190185547
203_0	-1.0	0.02428436279296875
203_1	-1.0	0.02416682243347168
203_2	-1.0	0.024222612380981445
204_0	0.08219289779663086	0.09796833992004395
204_1	0.0756082534790039	0.08980107307434082
204_2	0.2786390781402588	0.09892868995666504
204_3	0.09325075149536133	0.0966796875
204_4	0.0857095718383789	0.09775233268737793
204_5	0.08988261222839355	0.09746551513671875
205_0	0.19353389739990234	0.17769074440002441
205_1	0.1541588306427002	0.15886163711547852
205_2	0.13606667518615723	0.20743632316589355
205_3	-1.0	0.18072986602783203
205_4	-1.0	0.17365622520446777
205_5	-1.0	0.18055343627929688
206_0	0.00015544891357421875	0.0001723766326904297
206_1	0.011673688888549805	0.00016689300537109375
207_0	0.017393827438354492	0.018126249313354492
207_1	0.016628503799438477	0.0010099411010742188
